,idVotant,Contre,Pour,indice_accord,taux_abstention,Région_x,age,Genre,CSP,Groupe politique (complet)
0,PA1008,32.92,67.08,320.0,79.83870967741935,Nouvelle-Aquitaine,71,M.,Cadres d'entreprise,Socialistes et apparentés
325,PA1012,33.51,66.49,356.02,88.151364764268,Auvergne-Rhône-Alpes,66,M.,"Cadres de la fonction publique, professions intellectuelles et artistiques",Les Républicains
516,PA1029,56.6,43.4,433.96,96.712158808933,Provence-Alpes-Côte d'Azur,67,M.,Cadres d'entreprise,Les Républicains
569,PA1198,37.04,62.96,382.72,89.95037220843672,Normandie,62,Mme,"Cadres de la fonction publique, professions intellectuelles et artistiques",Socialistes et apparentés
731,PA1206,53.01,46.99,361.45,94.85111662531017,Ile-de-France,59,M.,"Cadres de la fonction publique, professions intellectuelles et artistiques",Non inscrit
814,PA1276,22.97,77.03,554.05,95.40942928039702,Auvergne-Rhône-Alpes,70,M.,Professions libÃ©rales et assimilÃ©s,Mouvement Démocrate (MoDem) et Démocrates apparentés
888,PA1327,42.76,57.24,394.74,90.57071960297766,Centre-Val de Loire,59,M.,Chefs d'entreprise de 10 salariÃ©s ou plus,Les Républicains
1040,PA1592,23.13,76.87,234.88,82.5682382133995,Nouvelle-Aquitaine,59,M.,Cadres d'entreprise,Socialistes et apparentés
1321,PA1630,47.06,52.94,411.76,95.7816377171216,Ile-de-France,69,M.,Cadres d'entreprise,Les Républicains
1389,PA1695,43.16,56.84,414.53,85.48387096774194,Ile-de-France,61,M.,Agriculteurs exploitants,Les Républicains
1623,PA1809,42.42,57.58,272.73,93.85856079404466,Nouvelle-Aquitaine,63,M.,Cadres d'entreprise,Socialistes et apparentés
1722,PA1838,41.8,58.2,368.85,92.4317617866005,Nouvelle-Aquitaine,65,M.,Ouvriers agricoles,Libertés et Territoires
1844,PA1874,19.76,80.24,301.18,73.63523573200992,Bretagne,64,M.,"Cadres de la fonction publique, professions intellectuelles et artistiques",Les Républicains
2269,PA2150,35.29,64.71,339.87,81.01736972704715,Provence-Alpes-Côte d'Azur,69,M.,"Cadres de la fonction publique, professions intellectuelles et artistiques",La France insoumise
2575,PA2155,42.38,57.62,377.48,90.63275434243177,Grand Est,68,M.,Agriculteurs exploitants,Les Républicains
2726,PA223837,50.0,50.0,500.0,95.6575682382134,Provence-Alpes-Côte d'Azur,82,M.,Anciens cadres et professions intermÃ©diaires,Les Républicains
2796,PA2377,38.89,61.11,437.5,91.06699751861042,Auvergne-Rhône-Alpes,64,M.,Professions libÃ©rales et assimilÃ©s,Les Républicains
2940,PA2449,64.96,35.04,751.82,83.00248138957816,Hauts-de-France,70,M.,Professions libÃ©rales et assimilÃ©s,La République en Marche
3214,PA2492,50.0,50.0,414.29,95.6575682382134,Nouvelle-Aquitaine,74,M.,"Cadres de la fonction publique, professions intellectuelles et artistiques",Les Républicains
3284,PA2529,44.23,55.77,365.38,96.7741935483871,Grand Est,69,M.,Cadres d'entreprise,Les Républicains
3336,PA266776,34.15,65.85,381.54,79.83870967741935,Grand Est,71,M.,"Cadres de la fonction publique, professions intellectuelles et artistiques",Les Républicains
3661,PA266788,22.5,77.5,366.67,92.55583126550869,Occitanie,62,M.,Professions libÃ©rales et assimilÃ©s,UDI et Indépendants
3781,PA266793,34.42,65.58,370.13,80.89330024813896,Auvergne-Rhône-Alpes,65,M.,Agriculteurs exploitants,Les Républicains
4089,PA266797,42.02,57.98,400.78,84.05707196029778,Normandie,54,M.,"Cadres de la fonction publique, professions intellectuelles et artistiques",Les Républicains
4346,PA266808,28.72,71.28,335.11,88.33746898263027,Auvergne-Rhône-Alpes,50,M.,"Cadres de la fonction publique, professions intellectuelles et artistiques",Les Républicains
4534,PA267042,35.58,64.42,435.58,89.88833746898263,Pays de la Loire,62,M.,"Cadres de la fonction publique, professions intellectuelles et artistiques",Mouvement Démocrate (MoDem) et Démocrates apparentés
4697,PA267200,45.6,54.4,434.07,88.70967741935483,Hauts-de-France,51,M.,Professions libÃ©rales et assimilÃ©s,Les Républicains
4879,PA267204,39.66,60.34,387.93,92.80397022332507,Bourgogne-Franche-Comté,59,M.,Agriculteurs exploitants,Les Républicains
4995,PA267260,36.52,63.48,330.43,92.86600496277916,Grand Est,61,Mme,"Professions intermÃ©diaires de l'enseignement, de la santÃ©, de la fonction publique et assimilÃ©s",Les Républicains
5110,PA267289,49.44,50.56,483.15,88.95781637717121,Centre-Val de Loire,78,M.,Professions libÃ©rales et assimilÃ©s,Les Républicains
5288,PA267306,29.93,70.07,267.61,82.38213399503722,Auvergne-Rhône-Alpes,70,M.,"Cadres de la fonction publique, professions intellectuelles et artistiques",Gauche démocrate et républicaine
5572,PA267318,48.12,51.88,413.53,91.74937965260546,Pays de la Loire,54,M.,Professions libÃ©rales et assimilÃ©s,Les Républicains
5705,PA267324,39.83,60.17,381.36,92.67990074441687,Grand Est,57,M.,Professions libÃ©rales et assimilÃ©s,Les Républicains
5823,PA267330,38.54,61.46,458.33,94.04466501240695,Bourgogne-Franche-Comté,55,M.,Professions libÃ©rales et assimilÃ©s,UDI et Indépendants
5919,PA267337,70.59,29.41,705.88,98.94540942928039,Provence-Alpes-Côte d'Azur,67,Mme,EmployÃ©s de la fonction publique,La République en Marche
5936,PA267355,42.45,57.55,546.76,91.37717121588089,Grand Est,57,M.,Agriculteurs exploitants,Agir ensemble
6075,PA267378,40.34,59.66,369.75,92.61786600496278,Provence-Alpes-Côte d'Azur,72,Mme,Cadres d'entreprise,Les Républicains
6194,PA267429,38.99,61.01,353.21,86.47642679900744,Auvergne-Rhône-Alpes,65,M.,Cadres d'entreprise,Les Républicains
6412,PA267440,41.24,58.76,412.43,89.01985111662532,Provence-Alpes-Côte d'Azur,55,M.,Professions libÃ©rales et assimilÃ©s,Les Républicains
6589,PA267450,35.17,64.83,406.9,91.00496277915633,Bourgogne-Franche-Comté,64,M.,Agriculteurs exploitants,Les Républicains
6734,PA267527,30.37,69.63,311.11,91.62531017369727,Auvergne-Rhône-Alpes,51,M.,Anciens cadres et professions intermÃ©diaires,Les Républicains
6869,PA267735,36.71,63.29,405.06,90.1985111662531,Centre-Val de Loire,67,M.,Sans profession dÃ©clarÃ©e,Les Républicains
7027,PA267766,32.65,67.35,394.56,90.88089330024813,Hauts-de-France,76,M.,Anciens cadres et professions intermÃ©diaires,UDI et Indépendants
7174,PA267780,52.58,47.42,582.47,75.93052109181141,Normandie,52,Mme,Professions libÃ©rales et assimilÃ©s,Agir ensemble
7562,PA267785,45.18,54.82,390.86,87.77915632754343,Bourgogne-Franche-Comté,44,M.,Professions libÃ©rales et assimilÃ©s,Les Républicains
7759,PA267794,63.64,36.36,500.0,97.27047146401985,Provence-Alpes-Côte d'Azur,58,Mme,Chefs d'entreprise de 10 salariÃ©s ou plus,Les Républicains
7803,PA267901,46.4,53.6,432.0,92.24565756823822,Mayotte,61,M.,Professions libÃ©rales et assimilÃ©s,Les Républicains
7928,PA268019,43.05,56.95,543.05,90.63275434243177,Ile-de-France,53,M.,Cadres d'entreprise,UDI et Indépendants
8079,PA2796,49.18,50.82,442.62,96.21588089330024,Provence-Alpes-Côte d'Azur,75,M.,Professions libÃ©rales et assimilÃ©s,Les Républicains
8140,PA2828,50.0,50.0,676.47,91.56327543424318,Normandie,73,M.,Professions libÃ©rales et assimilÃ©s,La République en Marche
8276,PA2952,24.19,75.81,580.65,96.15384615384616,Grand Est,55,M.,Inactifs divers (autres que retraitÃ©s),UDI et Indépendants
8338,PA2960,52.9,47.1,505.79,83.93300248138958,Hauts-de-France,64,M.,Cadres d'entreprise,Les Républicains
8597,PA330008,36.17,63.83,393.62,88.33746898263027,Auvergne-Rhône-Alpes,58,M.,Cadres d'entreprise,Les Républicains
8785,PA330240,44.74,55.26,421.05,85.8560794044665,Provence-Alpes-Côte d'Azur,55,M.,Sans profession dÃ©clarÃ©e,Les Républicains
9013,PA330788,52.73,47.27,381.82,96.58808933002481,Provence-Alpes-Côte d'Azur,67,M.,Professions libÃ©rales et assimilÃ©s,Les Républicains
9068,PA330909,38.03,61.97,371.83,77.97766749379653,Auvergne-Rhône-Alpes,58,M.,"Cadres de la fonction publique, professions intellectuelles et artistiques",Les Républicains
9423,PA331567,52.13,47.87,606.38,88.33746898263027,Centre-Val de Loire,55,Mme,Chefs d'entreprise de 10 salariÃ©s ou plus,Agir ensemble
9611,PA331582,37.42,62.58,413.91,81.26550868486353,Centre-Val de Loire,62,M.,Professions libÃ©rales et assimilÃ©s,Mouvement Démocrate (MoDem) et Démocrates apparentés
9913,PA331835,57.29,42.71,671.88,88.08933002481389,Occitanie,75,Mme,Anciens cadres et professions intermÃ©diaires,La République en Marche
10105,PA332228,39.54,60.46,485.06,73.01488833746899,Bretagne,54,M.,Cadres d'entreprise,UDI et Indépendants
10540,PA332523,39.01,60.99,381.87,77.41935483870968,Bourgogne-Franche-Comté,63,Mme,Sans profession dÃ©clarÃ©e,Les Républicains
10904,PA332614,26.19,73.81,325.4,84.36724565756823,Auvergne-Rhône-Alpes,48,M.,"Cadres de la fonction publique, professions intellectuelles et artistiques",Socialistes et apparentés
11156,PA332747,2.52,64.06,162.26,48.38709677419355,Pays de la Loire,47,M.,"Cadres de la fonction publique, professions intellectuelles et artistiques",La République en Marche
11988,PA333285,27.5,72.5,290.0,87.59305210918113,Pays de la Loire,54,M.,"Cadres de la fonction publique, professions intellectuelles et artistiques",Socialistes et apparentés
12188,PA333421,26.9,73.1,400.0,91.00496277915633,Grand Est,62,M.,Cadres d'entreprise,Libertés et Territoires
12333,PA333818,40.16,59.84,336.07,92.4317617866005,Hauts-de-France,60,M.,Professions libÃ©rales et assimilÃ©s,Socialistes et apparentés
12455,PA334116,45.05,54.95,630.63,93.11414392059554,Hauts-de-France,71,Mme,Cadres d'entreprise,La République en Marche
12566,PA334768,45.21,54.79,609.59,90.94292803970222,Auvergne-Rhône-Alpes,75,M.,"Cadres de la fonction publique, professions intellectuelles et artistiques",La République en Marche
12712,PA335054,41.67,58.33,398.81,89.57816377171216,Pays de la Loire,56,Mme,"Cadres de la fonction publique, professions intellectuelles et artistiques",Socialistes et apparentés
12880,PA335612,32.29,67.71,288.95,78.10173697270471,Normandie,62,M.,"Professions intermÃ©diaires de l'enseignement, de la santÃ©, de la fonction publique et assimilÃ©s",Gauche démocrate et républicaine
13233,PA335999,27.22,72.78,278.11,89.51612903225806,Nouvelle-Aquitaine,47,Mme,"Cadres de la fonction publique, professions intellectuelles et artistiques",Non inscrit
13402,PA336175,31.32,68.68,361.95,73.26302729528535,Occitanie,43,Mme,Sans profession dÃ©clarÃ©e,Libertés et Territoires
13833,PA336316,46.04,53.96,417.27,91.37717121588089,Provence-Alpes-Côte d'Azur,63,M.,Chefs d'entreprise de 10 salariÃ©s ou plus,Les Républicains
13972,PA336439,42.86,57.14,506.49,95.22332506203473,Nouvelle-Aquitaine,66,M.,Professions libÃ©rales et assimilÃ©s,Libertés et Territoires
14049,PA337483,25.42,74.58,254.24,89.01985111662532,Martinique,68,M.,Cadres d'entreprise,Socialistes et apparentés
14226,PA340343,31.25,68.75,285.16,84.11910669975187,Auvergne-Rhône-Alpes,50,M.,"Cadres de la fonction publique, professions intellectuelles et artistiques",Socialistes et apparentés
14482,PA340357,34.93,65.07,353.71,85.79404466501241,Auvergne-Rhône-Alpes,62,Mme,"Professions intermÃ©diaires de l'enseignement, de la santÃ©, de la fonction publique et assimilÃ©s",Socialistes et apparentés
14711,PA342196,38.1,61.9,333.33,98.69727047146401,Bretagne,57,Mme,"Cadres de la fonction publique, professions intellectuelles et artistiques",Socialistes et apparentés
14732,PA342240,61.54,38.46,538.46,99.19354838709677,Bretagne,57,M.,Agriculteurs exploitants,Les Républicains
14745,PA342415,29.48,70.52,326.59,78.53598014888338,Auvergne-Rhône-Alpes,64,Mme,Cadres d'entreprise,Socialistes et apparentés
15091,PA342601,31.58,68.42,463.16,94.10669975186104,Centre-Val de Loire,46,M.,Cadres d'entreprise,UDI et Indépendants
15186,PA342935,48.57,51.43,447.62,93.4863523573201,Centre-Val de Loire,,Mme,Sans profession dÃ©clarÃ©e,Les Républicains
15291,PA343493,48.11,51.89,641.51,93.42431761786601,Bretagne,44,M.,"Cadres de la fonction publique, professions intellectuelles et artistiques",La République en Marche
15397,PA345722,36.22,63.78,370.08,76.36476426799007,Ile-de-France,60,Mme,"Cadres de la fonction publique, professions intellectuelles et artistiques",Les Républicains
15778,PA346054,31.61,68.39,380.65,90.38461538461539,Hauts-de-France,52,M.,Cadres d'entreprise,Les Républicains
15933,PA346876,22.37,77.63,526.32,95.28535980148884,Ile-de-France,49,M.,Cadres d'entreprise,La République en Marche
16009,PA405480,29.52,70.48,280.95,86.9727047146402,Ile-de-France,58,M.,"Cadres de la fonction publique, professions intellectuelles et artistiques",Mouvement Démocrate (MoDem) et Démocrates apparentés
16219,PA421348,32.05,67.95,487.18,95.16129032258065,Bourgogne-Franche-Comté,66,M.,Agriculteurs exploitants,UDI et Indépendants
16297,PA508,31.73,68.27,291.67,80.64516129032258,Occitanie,68,Mme,"Cadres de la fonction publique, professions intellectuelles et artistiques",Socialistes et apparentés
16609,PA588884,39.67,60.33,336.96,88.58560794044665,Ile-de-France,47,Mme,"Cadres de la fonction publique, professions intellectuelles et artistiques",La France insoumise
16793,PA604,20.0,80.0,200.0,99.68982630272953,Ile-de-France,70,M.,Chefs d'entreprise de 10 salariÃ©s ou plus,Les Républicains
16798,PA605036,33.99,66.01,385.62,90.50868486352357,Auvergne-Rhône-Alpes,40,M.,Sans profession dÃ©clarÃ©e,Les Républicains
16951,PA605069,28.61,71.39,281.01,75.49627791563276,Hauts-de-France,63,M.,Cadres d'entreprise,Socialistes et apparentés
17346,PA605084,44.0,56.0,670.0,93.79652605459057,Hauts-de-France,72,M.,Anciens cadres et professions intermÃ©diaires,La République en Marche
17446,PA605131,70.83,27.08,666.67,97.02233250620348,Provence-Alpes-Côte d'Azur,55,M.,"Cadres de la fonction publique, professions intellectuelles et artistiques",La République en Marche
17494,PA605518,37.96,62.04,518.25,91.50124069478909,Provence-Alpes-Côte d'Azur,54,M.,Professions libÃ©rales et assimilÃ©s,Libertés et Territoires
17631,PA605694,34.25,65.75,410.96,95.47146401985111,Nouvelle-Aquitaine,48,M.,"Cadres de la fonction publique, professions intellectuelles et artistiques",Libertés et Territoires
17704,PA605963,62.95,37.05,752.09,77.72952853598015,Bourgogne-Franche-Comté,62,M.,Professions libÃ©rales et assimilÃ©s,La République en Marche
18063,PA605991,19.76,80.24,365.78,78.97022332506204,Bourgogne-Franche-Comté,64,Mme,"Cadres de la fonction publique, professions intellectuelles et artistiques",Les Républicains
18402,PA606098,34.59,65.41,345.91,90.136476426799,Centre-Val de Loire,49,M.,"Cadres de la fonction publique, professions intellectuelles et artistiques",Les Républicains
18561,PA606171,8.1,68.87,254.47,41.00496277915633,Bretagne,58,M.,Cadres d'entreprise,La République en Marche
19512,PA606202,63.37,36.63,693.07,87.46898263027295,Occitanie,60,Mme,"Cadres de la fonction publique, professions intellectuelles et artistiques",La République en Marche
19714,PA606507,62.0,38.0,695.0,87.59305210918113,Nouvelle-Aquitaine,47,M.,"Cadres de la fonction publique, professions intellectuelles et artistiques",La République en Marche
19914,PA606639,31.65,68.35,607.59,95.09925558312655,Occitanie,63,M.,Chefs d'entreprise de 10 salariÃ©s ou plus,La République en Marche
19993,PA607090,35.21,64.79,352.11,91.1910669975186,Auvergne-Rhône-Alpes,51,M.,"Cadres de la fonction publique, professions intellectuelles et artistiques",Les Républicains
20135,PA607155,61.24,38.76,674.64,87.0347394540943,Pays de la Loire,66,M.,Anciens agriculteurs exploitants,La République en Marche
20344,PA607193,58.66,41.34,726.26,88.89578163771712,Pays de la Loire,49,Mme,Chefs d'entreprise de 10 salariÃ©s ou plus,La République en Marche
20523,PA607395,66.33,32.65,581.63,93.92059553349877,Normandie,51,M.,Cadres d'entreprise,La République en Marche
20621,PA607553,29.1,70.9,343.28,83.37468982630273,Grand Est,56,M.,Agriculteurs exploitants,Socialistes et apparentés
20889,PA607595,59.72,40.28,736.11,86.60049627791564,Bretagne,69,M.,Cadres d'entreprise,La République en Marche
21105,PA607619,37.5,62.5,469.7,83.62282878411911,Bretagne,58,M.,"Cadres de la fonction publique, professions intellectuelles et artistiques",Libertés et Territoires
21369,PA608016,38.86,61.14,372.04,73.8213399503722,Normandie,59,Mme,Professions libÃ©rales et assimilÃ©s,Les Républicains
21791,PA608172,26.88,73.12,301.08,71.15384615384616,Auvergne-Rhône-Alpes,56,Mme,"Cadres de la fonction publique, professions intellectuelles et artistiques",Socialistes et apparentés
22256,PA608292,25.22,74.78,336.23,78.59801488833746,Occitanie,63,Mme,"Cadres de la fonction publique, professions intellectuelles et artistiques",Libertés et Territoires
22601,PA608416,46.35,53.65,463.52,85.54590570719603,Grand Est,56,M.,"Cadres de la fonction publique, professions intellectuelles et artistiques",Les Républicains
22834,PA608641,51.22,48.78,715.45,92.3697270471464,Auvergne-Rhône-Alpes,66,M.,Cadres d'entreprise,La République en Marche
22957,PA608695,34.48,65.52,340.52,85.60794044665012,Bourgogne-Franche-Comté,69,Mme,"Cadres de la fonction publique, professions intellectuelles et artistiques",Socialistes et apparentés
23189,PA608741,27.42,72.58,330.65,92.3076923076923,Pays de la Loire,58,Mme,"Cadres de la fonction publique, professions intellectuelles et artistiques",Socialistes et apparentés
23313,PA608826,38.17,61.83,389.31,91.87344913151365,Auvergne-Rhône-Alpes,41,Mme,Cadres d'entreprise,Les Républicains
23444,PA609332,33.33,66.67,286.55,89.39205955334988,Ile-de-France,52,M.,Cadres d'entreprise,Socialistes et apparentés
23615,PA609590,25.07,74.93,264.79,77.97766749379653,Occitanie,47,Mme,Cadres d'entreprise,Socialistes et apparentés
23970,PA609726,37.63,62.37,397.85,88.46153846153845,Provence-Alpes-Côte d'Azur,42,M.,"Cadres de la fonction publique, professions intellectuelles et artistiques",Les Républicains
24156,PA610654,54.29,45.71,414.29,95.6575682382134,Martinique,55,M.,"Cadres de la fonction publique, professions intellectuelles et artistiques",Gauche démocrate et républicaine
24226,PA610667,31.16,68.84,275.36,91.43920595533498,Guyane,61,M.,"Cadres de la fonction publique, professions intellectuelles et artistiques",Gauche démocrate et républicaine
24364,PA610775,22.03,77.97,389.83,96.33995037220843,Nouvelle-Calédonie,62,M.,"Cadres de la fonction publique, professions intellectuelles et artistiques",UDI et Indépendants
24423,PA642695,73.23,26.77,728.05,71.02977667493798,Bretagne,54,M.,Cadres d'entreprise,La République en Marche
24890,PA642724,43.36,56.64,610.62,92.99007444168734,Bourgogne-Franche-Comté,60,M.,Cadres d'entreprise,La République en Marche
25003,PA642764,33.75,66.25,345.83,85.11166253101737,Occitanie,64,M.,Cadres d'entreprise,Socialistes et apparentés
25243,PA642847,35.98,64.02,401.59,68.79652605459057,Grand Est,36,M.,Cadres d'entreprise,Les Républicains
25746,PA642868,48.65,51.35,532.43,77.04714640198512,Hauts-de-France,49,M.,"Cadres de la fonction publique, professions intellectuelles et artistiques",Agir ensemble
26116,PA642935,38.96,61.04,500.0,90.44665012406948,Grand Est,44,M.,"Cadres de la fonction publique, professions intellectuelles et artistiques",Agir ensemble
26270,PA643004,33.33,66.67,333.33,99.62779156327544,Hauts-de-France,52,M.,"Professions intermÃ©diaires de l'enseignement, de la santÃ©, de la fonction publique et assimilÃ©s",UDI et Indépendants
26276,PA643089,43.62,56.38,425.53,94.16873449131513,Ile-de-France,51,M.,Professions libÃ©rales et assimilÃ©s,Les Républicains
26370,PA643103,33.61,66.39,327.87,92.4317617866005,Corse,53,M.,Professions libÃ©rales et assimilÃ©s,Les Républicains
26492,PA643127,77.55,22.45,829.02,64.08188585607941,Normandie,54,M.,Professions libÃ©rales et assimilÃ©s,La République en Marche
27071,PA643134,33.43,66.57,379.94,79.59057071960298,Auvergne-Rhône-Alpes,59,Mme,Agriculteurs exploitants,Les Républicains
27400,PA643145,36.03,63.97,272.06,91.56327543424318,Guadeloupe,64,Mme,Professions libÃ©rales et assimilÃ©s,Socialistes et apparentés
27536,PA643157,32.14,67.86,392.86,98.26302729528535,Réunion,60,M.,Cadres d'entreprise,Socialistes et apparentés
27564,PA643175,67.07,32.93,739.39,69.29280397022333,Pays de la Loire,47,Mme,Cadres d'entreprise,La République en Marche
28059,PA643192,30.77,69.23,538.46,99.19354838709677,Normandie,62,Mme,"Cadres de la fonction publique, professions intellectuelles et artistiques",Socialistes et apparentés
28072,PA643205,60.76,39.24,717.3,85.29776674937966,Ile-de-France,59,Mme,"Cadres de la fonction publique, professions intellectuelles et artistiques",La République en Marche
28309,PA672,76.24,23.76,780.2,68.67245657568239,Ile-de-France,67,M.,Cadres d'entreprise,La République en Marche
28814,PA677483,69.71,30.29,754.29,78.287841191067,Occitanie,51,M.,Professions libÃ©rales et assimilÃ©s,La République en Marche
29164,PA689,56.3,43.7,378.15,92.61786600496278,Ile-de-France,71,Mme,EmployÃ©s administratifs d'entreprise,Gauche démocrate et républicaine
29283,PA695100,33.73,66.27,421.69,94.85111662531017,Français établis hors de France,59,M.,Cadres d'entreprise,UDI et Indépendants
29366,PA702052,25.97,74.03,419.89,88.77171215880894,Polynésie française,45,Mme,Cadres d'entreprise,Agir ensemble
29547,PA702054,48.1,51.9,639.24,90.1985111662531,Saint-Pierre-et-Miquelon,56,M.,CommerÃ§ants et assimilÃ©s,La République en Marche
29705,PA709315,33.33,66.67,388.89,83.25062034739454,Occitanie,46,M.,"Cadres de la fonction publique, professions intellectuelles et artistiques",Les Républicains
29975,PA712014,43.06,56.94,569.44,91.06699751861042,Hauts-de-France,54,M.,"Cadres de la fonction publique, professions intellectuelles et artistiques",Agir ensemble
30119,PA712015,33.33,66.67,345.99,85.29776674937966,Hauts-de-France,35,M.,Cadres d'entreprise,Les Républicains
30356,PA713448,49.37,50.63,518.99,95.09925558312655,Provence-Alpes-Côte d'Azur,34,Mme,Cadres d'entreprise,Les Républicains
30435,PA717151,40.83,59.17,641.67,92.55583126550869,Ile-de-France,,Mme,"Cadres de la fonction publique, professions intellectuelles et artistiques",Mouvement Démocrate (MoDem) et Démocrates apparentés
30555,PA717167,46.38,52.17,536.23,95.71960297766749,Ile-de-France,36,M.,Professions libÃ©rales et assimilÃ©s,La République en Marche
30624,PA717379,69.24,30.76,773.48,66.3151364764268,Ile-de-France,46,M.,Chefs d'entreprise de 10 salariÃ©s ou plus,La République en Marche
31167,PA718674,65.22,34.78,731.88,82.87841191066998,Auvergne-Rhône-Alpes,39,Mme,Cadres d'entreprise,La République en Marche
31443,PA718682,54.55,45.45,628.79,91.81141439205956,Auvergne-Rhône-Alpes,38,M.,EmployÃ©s de commerce,La République en Marche
31575,PA718694,70.08,29.92,766.39,69.72704714640199,Hauts-de-France,59,M.,Professions libÃ©rales et assimilÃ©s,La République en Marche
32063,PA718710,70.86,29.14,772.46,68.92059553349877,Provence-Alpes-Côte d'Azur,55,Mme,Sans profession dÃ©clarÃ©e,La République en Marche
32564,PA718720,28.11,71.89,257.51,71.09181141439205,Auvergne-Rhône-Alpes,62,M.,Cadres d'entreprise,Gauche démocrate et républicaine
33030,PA718728,55.81,44.19,656.98,89.33002481389578,Auvergne-Rhône-Alpes,50,Mme,EmployÃ©s de la fonction publique,La République en Marche
33202,PA718736,70.37,29.63,780.09,73.20099255583126,Auvergne-Rhône-Alpes,29,Mme,Cadres d'entreprise,La République en Marche
33634,PA718744,57.32,42.68,689.39,75.43424317617865,Provence-Alpes-Côte d'Azur,51,Mme,Professions libÃ©rales et assimilÃ©s,Non inscrit
34030,PA718756,65.51,34.49,742.03,78.59801488833746,Hauts-de-France,58,Mme,"Cadres de la fonction publique, professions intellectuelles et artistiques",La République en Marche
34375,PA718768,66.28,33.72,766.28,83.8089330024814,Provence-Alpes-Côte d'Azur,44,Mme,"Professions intermÃ©diaires de l'enseignement, de la santÃ©, de la fonction publique et assimilÃ©s",La République en Marche
34636,PA718780,33.99,66.01,391.3,84.30521091811414,Provence-Alpes-Côte d'Azur,48,Mme,"Cadres de la fonction publique, professions intellectuelles et artistiques",Les Républicains
34889,PA718784,36.12,63.88,372.62,83.6848635235732,Provence-Alpes-Côte d'Azur,50,M.,Cadres d'entreprise,Les Républicains
35152,PA718794,68.53,31.47,752.94,78.90818858560795,Occitanie,74,Mme,Anciens cadres et professions intermÃ©diaires,La République en Marche
35492,PA718802,62.61,37.39,714.29,85.23573200992556,Occitanie,49,M.,"Cadres de la fonction publique, professions intellectuelles et artistiques",La République en Marche
35730,PA718810,64.69,35.31,754.76,70.6575682382134,Occitanie,58,Mme,"Professions intermÃ©diaires de l'enseignement, de la santÃ©, de la fonction publique et assimilÃ©s",La République en Marche
36203,PA718838,31.36,68.64,331.82,86.35235732009924,Auvergne-Rhône-Alpes,52,M.,CommerÃ§ants et assimilÃ©s,Les Républicains
36423,PA718850,32.63,67.37,356.29,79.28039702233251,Grand Est,48,M.,"Cadres de la fonction publique, professions intellectuelles et artistiques",Les Républicains
36757,PA718860,33.77,66.23,307.95,81.26550868486353,Occitanie,44,Mme,"Cadres de la fonction publique, professions intellectuelles et artistiques",La France insoumise
37059,PA718868,36.25,63.75,318.73,84.42928039702234,Occitanie,54,M.,"Professions intermÃ©diaires de l'enseignement, de la santÃ©, de la fonction publique et assimilÃ©s",La France insoumise
37310,PA718876,58.85,41.15,744.79,88.08933002481389,Grand Est,38,M.,Chefs d'entreprise de 10 salariÃ©s ou plus,La République en Marche
37502,PA718884,36.49,63.51,360.36,86.22828784119106,Grand Est,51,Mme,Cadres d'entreprise,Les Républicains
37724,PA718894,71.62,28.38,726.35,81.6377171215881,Provence-Alpes-Côte d'Azur,54,M.,Chefs d'entreprise de 10 salariÃ©s ou plus,La République en Marche
38020,PA718902,68.45,31.55,791.55,77.97766749379653,Provence-Alpes-Côte d'Azur,43,M.,Professions libÃ©rales et assimilÃ©s,La République en Marche
38375,PA718910,58.41,41.59,721.24,85.98014888337468,Provence-Alpes-Côte d'Azur,41,Mme,Cadres d'entreprise,La République en Marche
38601,PA718918,70.78,29.22,740.26,80.89330024813896,Provence-Alpes-Côte d'Azur,37,Mme,Professions libÃ©rales et assimilÃ©s,La République en Marche
38909,PA718926,29.32,70.68,276.32,66.99751861042184,Provence-Alpes-Côte d'Azur,45,M.,Professions intermÃ©diaires administratives et commerciales des entreprises,Gauche démocrate et républicaine
39441,PA718930,59.48,40.52,728.62,83.31265508684864,Provence-Alpes-Côte d'Azur,50,Mme,Cadres d'entreprise,La République en Marche
39710,PA718944,56.6,43.4,716.98,86.848635235732,Provence-Alpes-Côte d'Azur,44,Mme,Cadres d'entreprise,La République en Marche
39922,PA718954,58.43,41.57,737.83,83.43672456575682,Provence-Alpes-Côte d'Azur,48,M.,"Professions intermÃ©diaires de l'enseignement, de la santÃ©, de la fonction publique et assimilÃ©s",La République en Marche
40189,PA718962,67.07,32.93,753.66,74.56575682382135,Provence-Alpes-Côte d'Azur,32,M.,Cadres d'entreprise,La République en Marche
40599,PA718978,61.84,38.16,726.97,81.14143920595534,Provence-Alpes-Côte d'Azur,61,M.,Professions libÃ©rales et assimilÃ©s,Mouvement Démocrate (MoDem) et Démocrates apparentés
40903,PA718990,52.74,47.26,691.78,90.94292803970222,Occitanie,54,Mme,"Professions intermÃ©diaires de l'enseignement, de la santÃ©, de la fonction publique et assimilÃ©s",La République en Marche
41049,PA719002,14.29,85.71,142.86,99.56575682382135,Provence-Alpes-Côte d'Azur,42,M.,Cadres d'entreprise,Les Républicains
41056,PA719006,60.54,39.46,724.49,81.76178660049628,Normandie,51,M.,"Cadres de la fonction publique, professions intellectuelles et artistiques",La République en Marche
41350,PA719020,33.33,66.67,380.95,98.69727047146401,Normandie,47,Mme,Cadres d'entreprise,Les Républicains
41371,PA719024,69.9,30.1,733.98,68.05210918114145,Normandie,47,M.,CommerÃ§ants et assimilÃ©s,Mouvement Démocrate (MoDem) et Démocrates apparentés
41886,PA719032,68.15,31.85,738.85,70.78163771712158,Normandie,50,M.,"Professions intermÃ©diaires de l'enseignement, de la santÃ©, de la fonction publique et assimilÃ©s",La République en Marche
42357,PA719044,59.09,40.91,659.09,83.62282878411911,Centre-Val de Loire,63,Mme,"Cadres de la fonction publique, professions intellectuelles et artistiques",Mouvement Démocrate (MoDem) et Démocrates apparentés
42621,PA719052,53.46,46.54,716.98,90.136476426799,Centre-Val de Loire,36,M.,Cadres d'entreprise,La République en Marche
42780,PA719060,59.44,40.56,726.91,84.55334987593052,Nouvelle-Aquitaine,41,M.,Professions libÃ©rales et assimilÃ©s,Mouvement Démocrate (MoDem) et Démocrates apparentés
43029,PA719072,65.98,34.02,747.95,69.72704714640199,Nouvelle-Aquitaine,34,M.,"Cadres de la fonction publique, professions intellectuelles et artistiques",La République en Marche
43517,PA719080,72.71,27.29,775.11,71.5880893300248,Nouvelle-Aquitaine,47,Mme,Cadres d'entreprise,La République en Marche
43975,PA719092,56.71,43.29,688.31,85.66997518610422,Nouvelle-Aquitaine,64,Mme,Cadres d'entreprise,Mouvement Démocrate (MoDem) et Démocrates apparentés
44206,PA719100,63.73,36.27,715.69,87.34491315136476,Nouvelle-Aquitaine,56,M.,Chefs d'entreprise de 10 salariÃ©s ou plus,La République en Marche
44410,PA719108,68.84,31.16,719.81,74.31761786600497,Nouvelle-Aquitaine,52,M.,Cadres d'entreprise,La République en Marche
44824,PA719118,48.02,51.98,644.07,89.01985111662532,Centre-Val de Loire,48,M.,"Cadres de la fonction publique, professions intellectuelles et artistiques",La République en Marche
45001,PA719130,63.46,36.54,719.55,78.10173697270471,Provence-Alpes-Côte d'Azur,65,Mme,Cadres d'entreprise,La République en Marche
45354,PA719138,20.6,79.4,278.97,85.54590570719603,Corse,75,M.,"Cadres de la fonction publique, professions intellectuelles et artistiques",Libertés et Territoires
45587,PA719146,20.13,79.87,245.28,90.136476426799,Corse,47,M.,Cadres d'entreprise,Libertés et Territoires
45746,PA719154,69.26,30.74,755.79,70.53349875930522,Bourgogne-Franche-Comté,64,M.,"Cadres de la fonction publique, professions intellectuelles et artistiques",La République en Marche
46221,PA719162,67.87,32.13,743.82,72.39454094292803,Nouvelle-Aquitaine,63,Mme,Anciens cadres et professions intermÃ©diaires,La République en Marche
46666,PA719170,68.05,31.95,740.93,64.08188585607941,Bourgogne-Franche-Comté,36,Mme,EmployÃ©s administratifs d'entreprise,La République en Marche
47245,PA719186,72.73,27.27,770.83,67.24565756823822,Bourgogne-Franche-Comté,58,Mme,"Cadres de la fonction publique, professions intellectuelles et artistiques",La République en Marche
47773,PA719194,63.31,36.69,733.87,84.61538461538461,Bourgogne-Franche-Comté,66,Mme,"Anciens artisans, commerÃ§ants, chefs d'entreprise",Non inscrit
48021,PA719202,65.99,34.01,744.94,84.67741935483872,Bourgogne-Franche-Comté,66,M.,Cadres d'entreprise,La République en Marche
48268,PA719210,39.09,60.91,618.18,93.17617866004963,Bretagne,67,M.,EmployÃ©s de la fonction publique,Mouvement Démocrate (MoDem) et Démocrates apparentés
48378,PA719218,52.41,47.59,652.41,88.39950372208438,Bretagne,,M.,Cadres d'entreprise,La République en Marche
48565,PA719230,72.98,27.02,776.25,63.95781637717122,Bretagne,50,M.,"Cadres de la fonction publique, professions intellectuelles et artistiques",La République en Marche
49146,PA719242,68.17,31.83,791.98,75.24813895781638,Nouvelle-Aquitaine,,M.,Agriculteurs exploitants,La République en Marche
49545,PA719250,62.67,37.33,746.54,86.53846153846155,Nouvelle-Aquitaine,48,M.,"Professions intermÃ©diaires de l'enseignement, de la santÃ©, de la fonction publique et assimilÃ©s",La République en Marche
49762,PA719258,61.14,38.86,748.82,86.91066997518611,Nouvelle-Aquitaine,71,M.,Cadres d'entreprise,La République en Marche
49973,PA719266,58.18,41.82,690.91,86.35235732009924,Nouvelle-Aquitaine,72,M.,"Anciens artisans, commerÃ§ants, chefs d'entreprise",Mouvement Démocrate (MoDem) et Démocrates apparentés
50193,PA719272,44.86,55.14,364.49,93.3622828784119,Nouvelle-Aquitaine,60,Mme,Professions libÃ©rales et assimilÃ©s,Les Républicains
50300,PA719286,30.77,69.23,316.24,92.74193548387096,Corse,53,M.,Professions libÃ©rales et assimilÃ©s,Libertés et Territoires
50417,PA719294,69.42,30.58,745.54,72.20843672456576,Auvergne-Rhône-Alpes,57,Mme,"Cadres de la fonction publique, professions intellectuelles et artistiques",La République en Marche
50865,PA719302,64.04,35.96,758.77,85.8560794044665,Auvergne-Rhône-Alpes,35,Mme,Professions libÃ©rales et assimilÃ©s,La République en Marche
51093,PA719310,68.35,31.65,767.09,75.49627791563276,Auvergne-Rhône-Alpes,41,Mme,Cadres d'entreprise,La République en Marche
51488,PA719318,37.53,62.47,420.43,73.88337468982631,Auvergne-Rhône-Alpes,56,Mme,Professions libÃ©rales et assimilÃ©s,Les Républicains
51909,PA719326,71.14,28.86,779.55,72.7047146401985,Normandie,50,Mme,Cadres d'entreprise,La République en Marche
52349,PA719330,65.19,34.81,767.92,81.82382133995037,Normandie,42,M.,"Cadres de la fonction publique, professions intellectuelles et artistiques",La République en Marche
52642,PA719338,75.79,24.21,801.0,62.59305210918114,Bretagne,,Mme,"Cadres de la fonction publique, professions intellectuelles et artistiques",La République en Marche
53245,PA719350,63.25,36.75,696.11,82.44416873449131,Normandie,58,Mme,"Cadres de la fonction publique, professions intellectuelles et artistiques",La République en Marche
53528,PA719364,57.07,42.93,668.48,88.58560794044665,Normandie,71,Mme,"Anciens artisans, commerÃ§ants, chefs d'entreprise",La République en Marche
53712,PA719372,66.38,33.62,731.64,78.03970223325062,Centre-Val de Loire,33,M.,Cadres d'entreprise,La République en Marche
54066,PA719388,64.59,35.41,762.16,77.04714640198512,Bretagne,47,Mme,Artisans,La République en Marche
54436,PA719396,38.05,61.95,637.17,92.99007444168734,Bretagne,37,M.,"Cadres de la fonction publique, professions intellectuelles et artistiques",Agir ensemble
54549,PA719404,62.05,37.95,743.59,87.90322580645162,Bretagne,55,M.,"Professions intermÃ©diaires de l'enseignement, de la santÃ©, de la fonction publique et assimilÃ©s",La République en Marche
54744,PA719412,57.89,42.11,724.7,84.67741935483872,Bretagne,29,Mme,Agriculteurs exploitants,La République en Marche
54991,PA719420,64.92,35.08,754.03,84.61538461538461,Bourgogne-Franche-Comté,63,M.,"Cadres de la fonction publique, professions intellectuelles et artistiques",La République en Marche
55239,PA719436,20.45,79.55,454.55,97.27047146401985,Occitanie,37,M.,Cadres d'entreprise,Non inscrit
55283,PA719440,64.73,35.27,763.64,82.94044665012407,Occitanie,45,M.,Cadres d'entreprise,La République en Marche
55558,PA719448,63.84,36.16,701.37,77.35732009925557,Occitanie,53,Mme,"Professions intermÃ©diaires de l'enseignement, de la santÃ©, de la fonction publique et assimilÃ©s",Agir ensemble
55923,PA719456,65.14,34.86,722.86,78.287841191067,Occitanie,59,Mme,"Cadres de la fonction publique, professions intellectuelles et artistiques",La République en Marche
56273,PA719464,50.0,50.0,663.64,93.17617866004963,Occitanie,48,M.,"Cadres de la fonction publique, professions intellectuelles et artistiques",Non inscrit
56383,PA719472,72.15,27.85,771.76,67.92803970223325,Occitanie,62,M.,Cadres d'entreprise,La République en Marche
56900,PA719480,43.8,56.2,708.03,91.50124069478909,Occitanie,53,M.,"Cadres de la fonction publique, professions intellectuelles et artistiques",Non inscrit
57037,PA719488,58.74,41.26,672.65,86.16625310173698,Occitanie,60,M.,"Cadres de la fonction publique, professions intellectuelles et artistiques",Mouvement Démocrate (MoDem) et Démocrates apparentés
57260,PA719496,66.48,33.52,767.91,78.3498759305211,Occitanie,63,M.,Artisans,La République en Marche
57609,PA719504,34.51,65.49,563.38,91.1910669975186,Occitanie,62,M.,Professions libÃ©rales et assimilÃ©s,Mouvement Démocrate (MoDem) et Démocrates apparentés
57751,PA719512,70.55,29.45,745.7,67.55583126550869,Occitanie,57,Mme,Cadres d'entreprise,La République en Marche
58274,PA719520,70.09,29.91,789.17,78.2258064516129,Occitanie,30,M.,Professions libÃ©rales et assimilÃ©s,La République en Marche
58625,PA719528,64.44,35.56,744.44,88.83374689826302,Occitanie,55,M.,"Cadres de la fonction publique, professions intellectuelles et artistiques",La République en Marche
58805,PA719540,60.44,39.56,706.96,83.06451612903226,Occitanie,66,Mme,"Cadres de la fonction publique, professions intellectuelles et artistiques",La République en Marche
59078,PA719550,66.67,33.33,744.36,75.24813895781638,Bretagne,53,Mme,"Cadres de la fonction publique, professions intellectuelles et artistiques",La République en Marche
59477,PA719558,63.66,36.34,698.45,75.93052109181141,Bretagne,49,M.,"Cadres de la fonction publique, professions intellectuelles et artistiques",Mouvement Démocrate (MoDem) et Démocrates apparentés
59865,PA719570,65.85,34.15,739.56,74.75186104218362,Nouvelle-Aquitaine,42,Mme,"Cadres de la fonction publique, professions intellectuelles et artistiques",La République en Marche
60272,PA719578,34.07,65.93,335.18,77.60545905707195,Nouvelle-Aquitaine,51,M.,"Professions intermÃ©diaires de l'enseignement, de la santÃ©, de la fonction publique et assimilÃ©s",La France insoumise
60633,PA719592,49.38,50.62,693.75,90.07444168734492,Nouvelle-Aquitaine,37,M.,Cadres d'entreprise,Libertés et Territoires
60793,PA719600,72.51,27.49,783.63,78.78411910669976,Nouvelle-Aquitaine,46,M.,EmployÃ©s de la fonction publique,La République en Marche
61135,PA719608,33.22,66.78,376.16,46.40198511166253,Occitanie,52,Mme,Cadres d'entreprise,Non inscrit
61999,PA719616,67.21,32.79,769.23,84.67741935483872,Occitanie,53,M.,"Cadres de la fonction publique, professions intellectuelles et artistiques",Agir ensemble
62246,PA719624,62.44,37.56,732.39,86.78660049627791,Nouvelle-Aquitaine,34,Mme,Cadres d'entreprise,La République en Marche
62459,PA719632,61.16,38.84,736.61,86.10421836228288,Nouvelle-Aquitaine,52,Mme,Sans profession dÃ©clarÃ©e,La République en Marche
62683,PA719640,66.21,33.79,712.33,72.8287841191067,Nouvelle-Aquitaine,61,Mme,Sans profession dÃ©clarÃ©e,Mouvement Démocrate (MoDem) et Démocrates apparentés
63121,PA719652,67.85,32.15,778.27,72.02233250620347,Nouvelle-Aquitaine,52,Mme,"Cadres de la fonction publique, professions intellectuelles et artistiques",La République en Marche
63572,PA719660,76.65,23.35,832.55,73.69727047146401,Nouvelle-Aquitaine,44,Mme,"Cadres de la fonction publique, professions intellectuelles et artistiques",La République en Marche
63996,PA719668,67.82,32.18,757.79,82.07196029776675,Occitanie,53,Mme,EmployÃ©s de la fonction publique,La République en Marche
64285,PA719676,41.97,58.03,341.97,88.0272952853598,Occitanie,43,Mme,EmployÃ©s de la fonction publique,La France insoumise
64478,PA719684,63.98,36.02,727.97,83.8089330024814,Occitanie,37,Mme,Cadres d'entreprise,La République en Marche
64739,PA719692,62.3,37.7,726.19,84.36724565756823,Occitanie,64,M.,"Cadres de la fonction publique, professions intellectuelles et artistiques",La République en Marche
64991,PA719700,66.51,33.49,752.29,86.47642679900744,Occitanie,52,M.,"Cadres de la fonction publique, professions intellectuelles et artistiques",Agir ensemble
65209,PA719710,68.34,31.66,742.95,80.21091811414391,Nouvelle-Aquitaine,,Mme,Cadres d'entreprise,La République en Marche
65528,PA719718,66.14,33.86,762.66,80.39702233250621,Bretagne,53,Mme,CommerÃ§ants et assimilÃ©s,La République en Marche
65844,PA719728,64.07,35.93,766.47,79.28039702233251,Bretagne,43,M.,Chefs d'entreprise de 10 salariÃ©s ou plus,La République en Marche
66178,PA719736,57.35,42.65,544.12,95.7816377171216,Auvergne-Rhône-Alpes,45,Mme,Professions libÃ©rales et assimilÃ©s,La République en Marche
66246,PA719740,65.66,34.34,736.26,77.41935483870968,Auvergne-Rhône-Alpes,42,M.,Cadres d'entreprise,La République en Marche
66610,PA719748,63.76,36.24,745.64,82.19602977667493,Auvergne-Rhône-Alpes,43,Mme,"Cadres de la fonction publique, professions intellectuelles et artistiques",La République en Marche
66897,PA719756,65.86,34.14,738.81,66.74937965260546,Bretagne,56,Mme,"Professions intermÃ©diaires de l'enseignement, de la santÃ©, de la fonction publique et assimilÃ©s",La République en Marche
67433,PA719770,58.93,41.07,705.36,86.10421836228288,Bretagne,41,M.,Chefs d'entreprise de 10 salariÃ©s ou plus,La République en Marche
67657,PA719778,65.79,34.21,774.85,78.78411910669976,Centre-Val de Loire,54,M.,Cadres d'entreprise,La République en Marche
67999,PA719790,66.44,33.56,739.73,81.88585607940446,Centre-Val de Loire,57,M.,Professions libÃ©rales et assimilÃ©s,La République en Marche
68291,PA719798,68.72,31.28,758.29,73.8213399503722,Centre-Val de Loire,65,M.,"Cadres de la fonction publique, professions intellectuelles et artistiques",La République en Marche
68713,PA719806,37.86,62.14,453.07,80.83126550868487,Centre-Val de Loire,57,Mme,Chefs d'entreprise de 10 salariÃ©s ou plus,UDI et Indépendants
69022,PA719814,65.31,34.69,746.41,74.06947890818859,Centre-Val de Loire,49,Mme,Professions libÃ©rales et assimilÃ©s,La République en Marche
69440,PA719822,57.43,42.57,716.22,90.81885856079404,Centre-Val de Loire,61,Mme,CommerÃ§ants et assimilÃ©s,Mouvement Démocrate (MoDem) et Démocrates apparentés
69588,PA719830,71.45,28.55,763.57,64.57816377171216,Occitanie,48,M.,CommerÃ§ants et assimilÃ©s,La République en Marche
70159,PA719842,65.81,34.19,753.68,83.12655086848635,Bretagne,51,M.,Cadres d'entreprise,La République en Marche
70431,PA719850,70.07,26.03,738.44,49.007444168734494,Auvergne-Rhône-Alpes,45,Mme,Professions libÃ©rales et assimilÃ©s,La République en Marche
71253,PA719858,73.16,26.84,737.7,69.72704714640199,Auvergne-Rhône-Alpes,67,Mme,Anciens cadres et professions intermÃ©diaires,La République en Marche
71741,PA719866,76.65,23.35,798.3,70.78163771712158,Auvergne-Rhône-Alpes,44,Mme,Cadres d'entreprise,La République en Marche
72212,PA719874,57.14,42.86,692.64,85.66997518610422,Auvergne-Rhône-Alpes,42,Mme,Cadres d'entreprise,Mouvement Démocrate (MoDem) et Démocrates apparentés
72443,PA719882,64.44,35.56,751.11,86.04218362282879,Auvergne-Rhône-Alpes,38,Mme,Professions libÃ©rales et assimilÃ©s,La République en Marche
72668,PA719890,68.98,29.59,763.27,69.60297766749379,Bourgogne-Franche-Comté,73,Mme,Anciens cadres et professions intermÃ©diaires,La République en Marche
73158,PA719918,37.7,62.3,614.75,92.4317617866005,Nouvelle-Aquitaine,44,M.,Professions intermÃ©diaires administratives et commerciales des entreprises,Mouvement Démocrate (MoDem) et Démocrates apparentés
73280,PA719922,66.34,33.66,721.55,74.37965260545906,Nouvelle-Aquitaine,49,M.,Cadres d'entreprise,La République en Marche
73693,PA719930,25.23,74.77,267.91,80.08684863523573,Nouvelle-Aquitaine,45,M.,"Cadres de la fonction publique, professions intellectuelles et artistiques",Socialistes et apparentés
74014,PA719942,61.11,38.89,629.63,93.30024813895783,Centre-Val de Loire,55,M.,Cadres d'entreprise,Mouvement Démocrate (MoDem) et Démocrates apparentés
74122,PA719946,49.38,50.62,493.83,94.97518610421835,Centre-Val de Loire,44,M.,Cadres d'entreprise,Les Républicains
74203,PA719952,68.16,31.84,766.17,75.06203473945409,Auvergne-Rhône-Alpes,53,M.,"Cadres de la fonction publique, professions intellectuelles et artistiques",La République en Marche
74605,PA719960,62.54,37.46,714.78,81.94789081885855,Auvergne-Rhône-Alpes,36,Mme,EmployÃ©s de commerce,La République en Marche
74896,PA719972,69.87,30.13,750.0,80.64516129032258,Auvergne-Rhône-Alpes,58,Mme,EmployÃ©s administratifs d'entreprise,La République en Marche
75208,PA719980,69.34,30.66,732.54,63.58560794044665,Auvergne-Rhône-Alpes,41,M.,Professions libÃ©rales et assimilÃ©s,La République en Marche
75795,PA719994,74.01,25.99,777.55,70.16129032258065,Auvergne-Rhône-Alpes,62,Mme,"Cadres de la fonction publique, professions intellectuelles et artistiques",La République en Marche
76276,PA720006,71.43,28.57,714.29,99.56575682382135,Pays de la Loire,,M.,Cadres d'entreprise,Mouvement Démocrate (MoDem) et Démocrates apparentés
76283,PA720014,74.33,25.67,766.05,70.03722084367246,Occitanie,38,Mme,"Cadres de la fonction publique, professions intellectuelles et artistiques",La République en Marche
76766,PA720022,66.88,33.12,717.04,80.70719602977667,Nouvelle-Aquitaine,63,M.,Professions libÃ©rales et assimilÃ©s,La République en Marche
77077,PA720030,66.29,33.71,700.76,83.62282878411911,Nouvelle-Aquitaine,41,M.,Chefs d'entreprise de 10 salariÃ©s ou plus,La République en Marche
77341,PA720038,65.0,35.0,766.67,92.55583126550869,Pays de la Loire,45,Mme,Professions libÃ©rales et assimilÃ©s,Mouvement Démocrate (MoDem) et Démocrates apparentés
77461,PA720046,63.12,36.88,737.5,80.14888337468983,Pays de la Loire,40,Mme,Cadres d'entreprise,La République en Marche
77781,PA720054,63.04,36.96,755.43,88.58560794044665,Pays de la Loire,66,M.,Professions libÃ©rales et assimilÃ©s,La République en Marche
77965,PA720066,63.46,36.54,736.54,78.10173697270471,Centre-Val de Loire,47,Mme,"Cadres de la fonction publique, professions intellectuelles et artistiques",La République en Marche
78318,PA720074,61.01,38.99,716.98,80.27295285359801,Centre-Val de Loire,38,Mme,Cadres d'entreprise,La République en Marche
78636,PA720092,48.18,51.82,581.82,86.35235732009924,Centre-Val de Loire,52,M.,Cadres d'entreprise,Mouvement Démocrate (MoDem) et Démocrates apparentés
78856,PA720100,37.65,62.35,376.47,89.45409429280397,Occitanie,34,M.,Cadres d'entreprise,Les Républicains
79026,PA720108,70.64,29.36,803.32,77.60545905707195,Pays de la Loire,47,Mme,Artisans,La République en Marche
79387,PA720116,58.95,41.05,715.79,88.21339950372209,Pays de la Loire,58,Mme,Professions libÃ©rales et assimilÃ©s,La République en Marche
79577,PA720124,63.24,36.76,739.13,84.30521091811414,Pays de la Loire,40,Mme,Anciens cadres et professions intermÃ©diaires,La République en Marche
79830,PA720138,54.98,37.05,641.43,84.42928039702234,Pays de la Loire,40,Mme,"Cadres de la fonction publique, professions intellectuelles et artistiques",La République en Marche
80081,PA720146,66.77,33.23,731.63,80.58312655086849,Pays de la Loire,39,M.,Cadres d'entreprise,La République en Marche
80394,PA720154,72.51,27.49,742.94,58.250620347394545,Pays de la Loire,69,Mme,Anciens cadres et professions intermÃ©diaires,La République en Marche
81067,PA720162,61.98,38.02,718.63,83.6848635235732,Pays de la Loire,53,M.,Cadres d'entreprise,Mouvement Démocrate (MoDem) et Démocrates apparentés
81330,PA720170,68.15,31.85,710.19,80.5210918114144,Grand Est,37,Mme,Cadres d'entreprise,La République en Marche
81644,PA720178,45.45,54.55,685.31,91.12903225806451,Grand Est,50,M.,Cadres d'entreprise,Mouvement Démocrate (MoDem) et Démocrates apparentés
81787,PA720190,60.78,39.22,729.41,84.18114143920596,Normandie,55,M.,EmployÃ©s de la fonction publique,La République en Marche
82042,PA720202,44.37,55.63,562.91,90.63275434243177,Normandie,38,Mme,Cadres d'entreprise,La République en Marche
82193,PA720210,36.17,63.83,367.02,76.67493796526055,Grand Est,57,Mme,Sans profession dÃ©clarÃ©e,Les Républicains
82569,PA720214,57.07,42.93,684.78,77.1712158808933,Grand Est,33,Mme,CommerÃ§ants et assimilÃ©s,Agir ensemble
82937,PA720222,71.87,28.13,773.14,65.81885856079404,Grand Est,58,M.,Professions libÃ©rales et assimilÃ©s,La République en Marche
83488,PA720230,46.31,53.69,553.0,73.07692307692308,Grand Est,36,Mme,"Cadres de la fonction publique, professions intellectuelles et artistiques",Agir ensemble
83922,PA720246,81.08,18.92,702.7,97.7047146401985,Grand Est,49,M.,Professions libÃ©rales et assimilÃ©s,La République en Marche
83959,PA720256,61.88,38.12,682.32,77.54342431761788,Pays de la Loire,41,Mme,"Cadres de la fonction publique, professions intellectuelles et artistiques",Mouvement Démocrate (MoDem) et Démocrates apparentés
84321,PA720268,68.75,31.25,770.09,72.20843672456576,Nouvelle-Aquitaine,54,M.,CommerÃ§ants et assimilÃ©s,La République en Marche
84769,PA720278,58.97,41.03,689.1,80.64516129032258,Pays de la Loire,48,M.,Cadres d'entreprise,Non inscrit
85081,PA720286,30.3,69.7,338.61,68.67245657568239,Grand Est,43,Mme,Ouvriers qualifiÃ©s,La France insoumise
85586,PA720298,65.3,34.7,726.03,72.8287841191067,Grand Est,49,Mme,"Cadres de la fonction publique, professions intellectuelles et artistiques",Non inscrit
86024,PA720310,63.69,36.31,765.36,88.89578163771712,Grand Est,45,M.,Professions libÃ©rales et assimilÃ©s,La République en Marche
86203,PA720318,73.4,26.6,800.0,68.98263027295286,Grand Est,48,Mme,"Cadres de la fonction publique, professions intellectuelles et artistiques",La République en Marche
86703,PA720326,61.63,38.37,695.54,74.93796526054591,Grand Est,49,M.,Professions libÃ©rales et assimilÃ©s,Mouvement Démocrate (MoDem) et Démocrates apparentés
87107,PA720334,57.65,42.35,655.88,78.90818858560795,Bretagne,58,M.,"Professions intermÃ©diaires de l'enseignement, de la santÃ©, de la fonction publique et assimilÃ©s",Mouvement Démocrate (MoDem) et Démocrates apparentés
87447,PA720342,68.46,31.54,776.28,76.98511166253101,Bretagne,61,Mme,Agriculteurs exploitants,La République en Marche
87818,PA720354,64.72,35.28,747.57,80.83126550868487,Bretagne,52,M.,"Professions intermÃ©diaires de l'enseignement, de la santÃ©, de la fonction publique et assimilÃ©s",La République en Marche
88127,PA720362,67.91,32.09,753.58,78.3498759305211,Grand Est,51,M.,Chefs d'entreprise de 10 salariÃ©s ou plus,La République en Marche
88476,PA720370,53.11,46.89,694.92,89.01985111662532,Grand Est,33,M.,Cadres d'entreprise,La République en Marche
88653,PA720378,71.01,28.99,799.52,74.31761786600497,Grand Est,,M.,"Cadres de la fonction publique, professions intellectuelles et artistiques",La République en Marche
89067,PA720386,35.94,64.06,359.45,73.07692307692308,Grand Est,34,M.,Cadres dâ€™entreprise,Les Républicains
89501,PA720394,70.25,29.75,774.1,77.48138957816377,Grand Est,57,Mme,"Professions intermÃ©diaires de l'enseignement, de la santÃ©, de la fonction publique et assimilÃ©s",La République en Marche
89864,PA720402,63.38,36.62,767.68,75.43424317617865,Grand Est,48,M.,EmployÃ©s administratifs d'entreprise,La République en Marche
90260,PA720414,69.15,30.85,765.96,76.67493796526055,Bourgogne-Franche-Comté,56,M.,Chefs d'entreprise de 10 salariÃ©s ou plus,La République en Marche
90636,PA720422,33.9,66.1,273.97,81.88585607940446,Hauts-de-France,30,M.,Professions intermÃ©diaires administratives et commerciales des entreprises,La France insoumise
90928,PA720430,34.38,65.62,306.25,80.14888337468983,Hauts-de-France,31,M.,EmployÃ©s de la fonction publique,La France insoumise
91248,PA720438,46.23,53.77,688.68,93.42431761786601,Hauts-de-France,56,M.,"Cadres de la fonction publique, professions intellectuelles et artistiques",La République en Marche
91354,PA720446,64.36,35.64,741.82,82.94044665012407,Hauts-de-France,61,Mme,CommerÃ§ants et assimilÃ©s,La République en Marche
91629,PA720454,68.26,31.74,764.51,81.82382133995037,Hauts-de-France,29,M.,EmployÃ©s de la fonction publique,Agir ensemble
91922,PA720468,40.91,59.09,329.55,89.0818858560794,Hauts-de-France,47,M.,Cadres d'entreprise,Non inscrit
92098,PA720480,64.53,35.47,724.77,79.71464019851116,Hauts-de-France,43,Mme,Chefs d'entreprise de 10 salariÃ©s ou plus,La République en Marche
92425,PA720488,47.22,52.78,527.78,97.76674937965261,Hauts-de-France,,Mme,Professions libÃ©rales et assimilÃ©s,UDI et Indépendants
92461,PA720492,61.0,39.0,721.41,78.84615384615384,Hauts-de-France,46,Mme,"Cadres de la fonction publique, professions intellectuelles et artistiques",La République en Marche
92802,PA720500,61.48,38.52,729.51,84.863523573201,Hauts-de-France,44,Mme,"Cadres de la fonction publique, professions intellectuelles et artistiques",Agir ensemble
93046,PA720516,76.52,23.48,608.7,92.86600496277916,Hauts-de-France,50,Mme,Cadres d'entreprise,La République en Marche
93161,PA720520,67.41,32.59,741.21,80.58312655086849,Hauts-de-France,32,Mme,"Cadres de la fonction publique, professions intellectuelles et artistiques",La République en Marche
93474,PA720538,52.68,47.32,656.25,86.10421836228288,Hauts-de-France,43,Mme,"Cadres de la fonction publique, professions intellectuelles et artistiques",Libertés et Territoires
93698,PA720546,28.99,71.01,244.3,80.95533498759305,Hauts-de-France,68,M.,Anciens cadres et professions intermÃ©diaires,Gauche démocrate et républicaine
94005,PA720552,61.98,38.02,733.84,83.6848635235732,Grand Est,52,Mme,Professions libÃ©rales et assimilÃ©s,La République en Marche
94268,PA720560,67.72,32.28,774.28,76.36476426799007,Bourgogne-Franche-Comté,42,Mme,Cadres d'entreprise,Mouvement Démocrate (MoDem) et Démocrates apparentés
94649,PA720568,62.19,37.81,738.04,72.76674937965261,Hauts-de-France,56,Mme,"Professions intermÃ©diaires de l'enseignement, de la santÃ©, de la fonction publique et assimilÃ©s",UDI et Indépendants
95088,PA720576,59.21,40.79,714.8,82.81637717121588,Hauts-de-France,61,M.,Cadres d'entreprise,La République en Marche
95365,PA720586,33.12,66.88,363.64,80.89330024813896,Hauts-de-France,53,M.,"Cadres de la fonction publique, professions intellectuelles et artistiques",Les Républicains
95673,PA720590,70.22,29.78,751.48,68.5483870967742,Hauts-de-France,53,M.,Chefs d'entreprise de 10 salariÃ©s ou plus,Agir ensemble
96180,PA720598,57.89,42.11,661.18,81.14143920595534,Hauts-de-France,68,Mme,"Anciens artisans, commerÃ§ants, chefs d'entreprise",Mouvement Démocrate (MoDem) et Démocrates apparentés
96484,PA720606,40.0,60.0,395.92,84.8014888337469,Hauts-de-France,27,M.,Sans profession dÃ©clarÃ©e,Non inscrit
96729,PA720614,55.47,44.53,437.96,91.50124069478909,Hauts-de-France,52,Mme,Professions libÃ©rales et assimilÃ©s,Non inscrit
96866,PA720622,51.73,17.85,551.91,65.94292803970222,Hauts-de-France,55,Mme,Professions libÃ©rales et assimilÃ©s,La République en Marche
97415,PA720630,41.52,58.48,417.15,68.17617866004963,Hauts-de-France,33,M.,EmployÃ©s administratifs d'entreprise,Les Républicains
97928,PA720644,45.69,54.31,426.4,87.77915632754343,Normandie,48,M.,"Cadres de la fonction publique, professions intellectuelles et artistiques",Les Républicains
98125,PA720652,61.06,38.94,663.72,85.98014888337468,Hauts-de-France,63,M.,Cadres d'entreprise,Mouvement Démocrate (MoDem) et Démocrates apparentés
98351,PA720664,49.49,50.51,424.24,93.85856079404466,Hauts-de-France,75,M.,Anciens employÃ©s et ouvriers,Non inscrit
98450,PA720672,37.5,62.5,250.0,99.50372208436724,Hauts-de-France,73,M.,Anciens agriculteurs exploitants,Les Républicains
98458,PA720684,37.64,62.36,393.68,78.41191066997519,Hauts-de-France,33,M.,"Cadres de la fonction publique, professions intellectuelles et artistiques",Les Républicains
98806,PA720692,33.0,67.0,241.38,87.40694789081887,Hauts-de-France,51,M.,EmployÃ©s de la fonction publique,Gauche démocrate et républicaine
99009,PA720696,44.07,55.93,514.12,89.01985111662532,Hauts-de-France,59,Mme,"Professions intermÃ©diaires de l'enseignement, de la santÃ©, de la fonction publique et assimilÃ©s",UDI et Indépendants
99186,PA720704,55.56,44.44,678.36,89.39205955334988,Auvergne-Rhône-Alpes,65,Mme,"Cadres de la fonction publique, professions intellectuelles et artistiques",Mouvement Démocrate (MoDem) et Démocrates apparentés
99357,PA720720,46.84,53.16,607.59,85.29776674937966,Nouvelle-Aquitaine,67,Mme,Anciens cadres et professions intermÃ©diaires,Mouvement Démocrate (MoDem) et Démocrates apparentés
99594,PA720728,62.67,37.33,715.88,77.72952853598015,Nouvelle-Aquitaine,66,M.,Professions libÃ©rales et assimilÃ©s,Mouvement Démocrate (MoDem) et Démocrates apparentés
99953,PA720738,67.87,32.13,716.85,72.39454094292803,Grand Est,,M.,Cadres d'entreprise,La République en Marche
100398,PA720746,24.81,75.19,470.89,75.49627791563276,Grand Est,53,M.,Chefs d'entreprise de 10 salariÃ©s ou plus,Mouvement Démocrate (MoDem) et Démocrates apparentés
100793,PA720754,63.43,36.57,711.97,80.83126550868487,Grand Est,42,M.,"Cadres de la fonction publique, professions intellectuelles et artistiques",La République en Marche
101102,PA720764,51.76,48.24,652.94,89.45409429280397,Nouvelle-Aquitaine,46,Mme,EmployÃ©s administratifs d'entreprise,Mouvement Démocrate (MoDem) et Démocrates apparentés
101272,PA720772,63.85,36.15,723.08,83.87096774193549,Nouvelle-Aquitaine,65,M.,"Cadres de la fonction publique, professions intellectuelles et artistiques",Mouvement Démocrate (MoDem) et Démocrates apparentés
101532,PA720780,69.04,30.96,779.19,75.55831265508685,Occitanie,56,M.,"Cadres de la fonction publique, professions intellectuelles et artistiques",La République en Marche
101926,PA720790,48.46,51.54,692.31,91.93548387096774,Occitanie,46,M.,Professions libÃ©rales et assimilÃ©s,La République en Marche
102056,PA720802,40.0,60.0,500.0,99.37965260545906,Occitanie,60,Mme,Sans profession dÃ©clarÃ©e,Non inscrit
102066,PA720806,68.01,31.99,779.57,76.92307692307692,Occitanie,,Mme,Cadres d'entreprise,La République en Marche
102438,PA720814,61.46,38.54,760.98,87.28287841191067,Occitanie,,M.,Professions intermÃ©diaires administratives et commerciales des entreprises,La République en Marche
102643,PA720822,46.93,53.07,413.41,88.89578163771712,Hauts-de-France,44,M.,Professions libÃ©rales et assimilÃ©s,Non inscrit
102822,PA720830,70.83,29.17,748.56,67.67990074441687,Auvergne-Rhône-Alpes,53,Mme,Professions libÃ©rales et assimilÃ©s,La République en Marche
103343,PA720846,33.65,66.35,291.67,80.64516129032258,Ile-de-France,40,M.,"Cadres de la fonction publique, professions intellectuelles et artistiques",La France insoumise
103655,PA720854,63.69,36.31,739.84,77.10918114143921,Ile-de-France,52,M.,"Cadres de la fonction publique, professions intellectuelles et artistiques",La République en Marche
104024,PA720862,62.64,37.36,735.85,83.56079404466502,Ile-de-France,53,M.,Cadres d'entreprise,La République en Marche
104289,PA720870,65.53,34.47,745.15,74.44168734491315,Ile-de-France,42,M.,Cadres dâ€™entreprise,La République en Marche
104701,PA720878,66.32,33.68,768.64,75.86848635235732,Ile-de-France,35,M.,Cadres d'entreprise,La République en Marche
105090,PA720892,30.58,69.42,325.07,77.48138957816377,Ile-de-France,32,Mme,Cadres d'entreprise,La France insoumise
105453,PA720900,69.58,30.42,745.28,73.69727047146401,Ile-de-France,46,Mme,"Cadres de la fonction publique, professions intellectuelles et artistiques",La République en Marche
105877,PA720908,67.67,32.33,734.34,75.24813895781638,Ile-de-France,40,Mme,Professions libÃ©rales et assimilÃ©s,La République en Marche
106276,PA720916,64.01,35.99,739.01,77.41935483870968,Ile-de-France,35,Mme,Cadres d'entreprise,La République en Marche
106640,PA720928,90.91,9.09,954.55,98.63523573200993,Ile-de-France,43,M.,Cadres d'entreprise,Mouvement Démocrate (MoDem) et Démocrates apparentés
106662,PA720932,66.74,33.26,719.67,70.34739454094291,Ile-de-France,52,M.,CommerÃ§ants et assimilÃ©s,La République en Marche
107140,PA720944,70.93,29.07,781.95,75.24813895781638,Ile-de-France,36,Mme,Cadres d'entreprise,La République en Marche
107539,PA720952,53.62,46.38,724.64,91.43920595533498,Ile-de-France,36,M.,"Cadres de la fonction publique, professions intellectuelles et artistiques",Non inscrit
107677,PA720960,43.16,56.84,578.95,94.10669975186104,Guadeloupe,46,M.,Professions libÃ©rales et assimilÃ©s,La République en Marche
107772,PA720968,42.31,57.69,610.58,87.09677419354838,Guadeloupe,45,Mme,"Cadres de la fonction publique, professions intellectuelles et artistiques",Mouvement Démocrate (MoDem) et Démocrates apparentés
107980,PA720976,27.27,72.73,536.36,93.17617866004963,Guadeloupe,64,M.,"Cadres de la fonction publique, professions intellectuelles et artistiques",Mouvement Démocrate (MoDem) et Démocrates apparentés
108090,PA720988,40.87,59.13,370.19,87.09677419354838,Martinique,70,Mme,Anciens cadres et professions intermÃ©diaires,Socialistes et apparentés
108298,PA720996,37.89,62.11,484.58,85.9181141439206,Français établis hors de France,37,M.,Cadres d'entreprise,Agir ensemble
108525,PA721004,53.33,46.67,696.97,89.76426799007444,Français établis hors de France,42,Mme,CommerÃ§ants et assimilÃ©s,La République en Marche
108690,PA721012,55.56,44.44,511.11,97.20843672456576,Martinique,49,Mme,"Professions intermÃ©diaires de l'enseignement, de la santÃ©, de la fonction publique et assimilÃ©s",Gauche démocrate et républicaine
108735,PA721024,65.6,34.4,725.33,76.73697270471465,Français établis hors de France,57,Mme,Professions libÃ©rales et assimilÃ©s,La République en Marche
109110,PA721036,41.18,58.82,576.47,94.72704714640199,Guyane,28,M.,Cadres d'entreprise,La République en Marche
109195,PA721046,35.98,64.02,365.08,88.27543424317618,Réunion,53,Mme,Anciens cadres et professions intermÃ©diaires,Les Républicains
109384,PA721054,40.91,59.09,409.09,93.17617866004963,Réunion,56,M.,"Cadres de la fonction publique, professions intellectuelles et artistiques",Les Républicains
109494,PA721062,37.8,62.2,319.59,81.94789081885855,Réunion,53,M.,EmployÃ©s de commerce,La France insoumise
109785,PA721070,47.73,52.27,431.82,97.27047146401985,Réunion,59,Mme,Professions libÃ©rales et assimilÃ©s,Les Républicains
109829,PA721094,31.72,68.28,455.17,91.00496277915633,Nouvelle-Calédonie,53,M.,"Cadres de la fonction publique, professions intellectuelles et artistiques",UDI et Indépendants
109974,PA721110,28.93,71.07,471.07,92.4937965260546,Polynésie française,48,Mme,"Cadres de la fonction publique, professions intellectuelles et artistiques",UDI et Indépendants
110095,PA721118,46.24,53.76,333.33,94.23076923076923,Polynésie française,51,M.,Sans profession dÃ©clarÃ©e,Gauche démocrate et républicaine
110188,PA721126,29.44,70.56,411.17,87.77915632754343,Saint-Barthélemy et Saint-Martin,63,Mme,Cadres d'entreprise,Les Républicains
110385,PA721134,68.01,31.99,751.55,80.02481389578165,Français établis hors de France,54,M.,Cadres d'entreprise,La République en Marche
110707,PA721142,49.34,50.66,684.21,90.57071960297766,Français établis hors de France,34,Mme,Cadres d'entreprise,Non inscrit
110859,PA721150,67.64,32.36,728.16,80.83126550868487,Français établis hors de France,33,M.,Anciens cadres et professions intermÃ©diaires,La République en Marche
111168,PA721158,64.29,35.71,740.26,80.89330024813896,Français établis hors de France,34,M.,"Cadres de la fonction publique, professions intellectuelles et artistiques",La République en Marche
111476,PA721166,49.64,50.36,686.13,91.50124069478909,Français établis hors de France,49,Mme,"Cadres de la fonction publique, professions intellectuelles et artistiques",La République en Marche
111613,PA721174,50.46,49.54,706.42,93.23821339950372,Français établis hors de France,37,M.,"Cadres de la fonction publique, professions intellectuelles et artistiques",Non inscrit
111722,PA721182,67.57,32.43,726.35,81.6377171215881,Français établis hors de France,59,M.,Cadres d'entreprise,Mouvement Démocrate (MoDem) et Démocrates apparentés
112018,PA721194,54.01,45.99,630.66,82.19602977667493,Ile-de-France,57,Mme,CommerÃ§ants et assimilÃ©s,Libertés et Territoires
112305,PA721202,31.12,68.88,297.48,72.89081885856079,Ile-de-France,62,M.,Professions libÃ©rales et assimilÃ©s,La France insoumise
112742,PA721210,33.02,66.98,320.63,80.45905707196029,Ile-de-France,52,M.,"Cadres de la fonction publique, professions intellectuelles et artistiques",La France insoumise
113057,PA721218,69.25,30.75,740.32,72.76674937965261,Ile-de-France,59,Mme,"Cadres de la fonction publique, professions intellectuelles et artistiques",La République en Marche
113496,PA721226,34.27,65.73,300.7,82.25806451612902,Ile-de-France,60,Mme,"Cadres de la fonction publique, professions intellectuelles et artistiques",La France insoumise
113782,PA721234,46.38,53.62,625.0,81.14143920595534,Ile-de-France,49,Mme,"ContremaÃ®tres, agents de maÃ®trise",Mouvement Démocrate (MoDem) et Démocrates apparentés
114086,PA721246,64.85,35.15,774.44,66.99751861042184,Ile-de-France,49,Mme,Cadres d'entreprise,Non inscrit
114618,PA721262,70.34,29.66,757.3,72.39454094292803,Ile-de-France,53,M.,Cadres d'entreprise,La République en Marche
115063,PA721270,28.4,71.6,290.0,68.98263027295286,Ile-de-France,58,M.,EmployÃ©s administratifs d'entreprise,Gauche démocrate et républicaine
115563,PA721278,71.47,28.53,756.41,80.64516129032258,Ile-de-France,44,M.,Professions libÃ©rales et assimilÃ©s,La République en Marche
115875,PA721286,39.24,60.76,416.67,59.05707196029777,Ile-de-France,62,M.,Cadres d'entreprise,Les Républicains
116535,PA721296,69.19,30.81,734.32,66.37717121588089,Ile-de-France,34,M.,"Cadres de la fonction publique, professions intellectuelles et artistiques",La République en Marche
117077,PA721314,37.35,62.65,417.67,84.55334987593052,Grand Est,30,M.,"Cadres de la fonction publique, professions intellectuelles et artistiques",Les Républicains
117326,PA721328,62.32,37.68,729.06,74.81389578163771,Auvergne-Rhône-Alpes,50,Mme,"Cadres de la fonction publique, professions intellectuelles et artistiques",La République en Marche
117732,PA721336,66.56,33.44,750.79,80.3349875930521,Auvergne-Rhône-Alpes,39,Mme,EmployÃ©s administratifs d'entreprise,Mouvement Démocrate (MoDem) et Démocrates apparentés
118049,PA721344,63.95,36.05,733.91,85.54590570719603,Auvergne-Rhône-Alpes,62,M.,Chefs d'entreprise de 10 salariÃ©s ou plus,La République en Marche
118282,PA721352,43.0,57.0,660.0,93.79652605459057,Auvergne-Rhône-Alpes,55,Mme,Chefs d'entreprise de 10 salariÃ©s ou plus,La République en Marche
118382,PA721364,62.3,37.7,745.9,84.863523573201,Bourgogne-Franche-Comté,47,M.,Professions libÃ©rales et assimilÃ©s,La République en Marche
118626,PA721372,61.5,38.5,756.64,85.98014888337468,Pays de la Loire,33,M.,EmployÃ©s de commerce,La République en Marche
118852,PA721384,60.44,39.56,725.27,88.70967741935483,Pays de la Loire,58,Mme,CommerÃ§ants et assimilÃ©s,Mouvement Démocrate (MoDem) et Démocrates apparentés
119034,PA721398,61.37,38.63,725.32,85.54590570719603,Auvergne-Rhône-Alpes,28,Mme,Professions intermÃ©diaires administratives et commerciales des entreprises,La République en Marche
119267,PA721410,31.17,68.83,370.37,79.90074441687345,Auvergne-Rhône-Alpes,40,Mme,Cadres d'entreprise,Les Républicains
119591,PA721418,62.63,37.37,688.58,82.07196029776675,Auvergne-Rhône-Alpes,49,M.,Chefs d'entreprise de 10 salariÃ©s ou plus,Mouvement Démocrate (MoDem) et Démocrates apparentés
119880,PA721426,67.9,32.1,745.36,76.61290322580645,Auvergne-Rhône-Alpes,51,Mme,Cadres d'entreprise,La République en Marche
120257,PA721434,66.67,33.33,769.01,78.78411910669976,Auvergne-Rhône-Alpes,54,Mme,Cadres d'entreprise,La République en Marche
120599,PA721450,66.56,33.44,743.76,62.71712158808933,Auvergne-Rhône-Alpes,46,Mme,Cadres d'entreprise,La République en Marche
121200,PA721458,69.6,30.4,792.0,76.73697270471465,Auvergne-Rhône-Alpes,51,M.,CommerÃ§ants et assimilÃ©s,La République en Marche
121575,PA721466,72.16,27.84,754.9,68.3622828784119,Ile-de-France,62,M.,Cadres d'entreprise,La République en Marche
122085,PA721474,37.55,62.45,404.08,84.8014888337469,Grand Est,51,M.,Professions libÃ©rales et assimilÃ©s,Les Républicains
122330,PA721486,35.96,64.04,443.82,88.95781637717121,Grand Est,37,M.,Chefs d'entreprise de 10 salariÃ©s ou plus,UDI et Indépendants
122508,PA721498,65.08,34.92,746.03,80.45905707196029,Ile-de-France,38,M.,Cadres d'entreprise,La République en Marche
122823,PA721506,33.91,66.09,360.52,71.09181141439205,Ile-de-France,61,Mme,Sans profession dÃ©clarÃ©e,Les Républicains
123289,PA721514,58.69,41.31,746.48,86.78660049627791,Normandie,45,Mme,Professions libÃ©rales et assimilÃ©s,La République en Marche
123502,PA721522,63.07,36.93,726.14,85.04962779156328,Normandie, a,M.,Cadres d'entreprise,La République en Marche
123743,PA721530,57.52,42.48,716.81,85.98014888337468,Ile-de-France,53,Mme,"Cadres de la fonction publique, professions intellectuelles et artistiques",Mouvement Démocrate (MoDem) et Démocrates apparentés
123969,PA721538,81.82,18.18,818.18,99.31761786600497,Occitanie,41,Mme,Cadres d'entreprise,La République en Marche
123980,PA721542,73.19,26.81,794.2,57.19602977667494,Occitanie,55,Mme,Cadres d'entreprise,La République en Marche
124670,PA721560,56.92,41.54,630.77,95.96774193548387,Ile-de-France,43,M.,Cadres d'entreprise,La République en Marche
124735,PA721568,59.32,40.68,745.76,85.35980148883375,Ile-de-France,32,M.,Cadres d'entreprise,La République en Marche
124971,PA721576,30.0,70.0,300.0,99.37965260545906,Ile-de-France,63,Mme,"Professions intermÃ©diaires de l'enseignement, de la santÃ©, de la fonction publique et assimilÃ©s",Les Républicains
124981,PA721584,71.45,28.55,763.64,65.88089330024813,Occitanie,43,M.,Professions libÃ©rales et assimilÃ©s,La République en Marche
125531,PA721600,65.1,34.9,728.53,77.60545905707195,Ile-de-France,36,Mme,Cadres d'entreprise,La République en Marche
125892,PA721608,55.17,44.83,689.66,89.20595533498759,Ile-de-France,74,M.,"Cadres de la fonction publique, professions intellectuelles et artistiques",Mouvement Démocrate (MoDem) et Démocrates apparentés
126066,PA721616,67.38,32.62,765.46,70.90570719602978,Ile-de-France,36,M.,Professions libÃ©rales et assimilÃ©s,La République en Marche
126535,PA721624,69.07,30.93,754.67,76.73697270471465,Ile-de-France,35,Mme,Professions libÃ©rales et assimilÃ©s,La République en Marche
126910,PA721632,48.0,52.0,553.33,90.69478908188586,Ile-de-France,59,Mme,Cadres d'entreprise,Agir ensemble
127060,PA721636,43.75,56.25,416.67,94.04466501240695,Ile-de-France,61,M.,Sans profession dÃ©clarÃ©e,Les Républicains
127156,PA721644,61.62,38.38,715.87,83.18858560794044,Ile-de-France,46,M.,Cadres d'entreprise,La République en Marche
127427,PA721656,57.63,42.37,734.46,89.01985111662532,Provence-Alpes-Côte d'Azur,33,Mme,"Cadres de la fonction publique, professions intellectuelles et artistiques",La République en Marche
127604,PA721666,100.0,0.0,333.33,99.81389578163771,Provence-Alpes-Côte d'Azur,72,Mme,Anciens employÃ©s et ouvriers,Les Républicains
127607,PA721674,66.41,33.59,587.79,91.87344913151365,Ile-de-France,45,Mme,CommerÃ§ants et assimilÃ©s,La République en Marche
127738,PA721678,37.93,62.07,385.06,89.20595533498759,Ile-de-France,29,M.,Sans profession dÃ©clarÃ©e,Les Républicains
127912,PA721690,59.73,40.27,718.12,90.75682382133995,Ile-de-France,53,M.,CommerÃ§ants et assimilÃ©s,La République en Marche
128061,PA721702,71.68,28.32,726.82,75.24813895781638,Ile-de-France,63,M.,"Cadres de la fonction publique, professions intellectuelles et artistiques",La République en Marche
128460,PA721710,68.05,31.95,747.09,62.71712158808933,Ile-de-France,59,Mme,Cadres d'entreprise,La République en Marche
129061,PA721718,62.89,37.11,731.96,87.9652605459057,Ile-de-France,41,Mme,"Cadres de la fonction publique, professions intellectuelles et artistiques",La République en Marche
129255,PA721726,64.29,35.71,714.29,75.68238213399503,Provence-Alpes-Côte d'Azur,48,Mme,"Professions intermÃ©diaires de l'enseignement, de la santÃ©, de la fonction publique et assimilÃ©s",La République en Marche
129647,PA721734,63.61,36.39,704.14,79.03225806451613,Provence-Alpes-Côte d'Azur,51,M.,Professions libÃ©rales et assimilÃ©s,Mouvement Démocrate (MoDem) et Démocrates apparentés
129985,PA721742,66.48,33.52,733.33,66.50124069478909,Ile-de-France,53,Mme,"Cadres de la fonction publique, professions intellectuelles et artistiques",Mouvement Démocrate (MoDem) et Démocrates apparentés
130525,PA721750,69.94,30.06,739.04,70.28535980148884,Ile-de-France,41,Mme,CommerÃ§ants et assimilÃ©s,La République en Marche
131004,PA721768,100.0,0.0,666.67,99.62779156327544,Ile-de-France,42,Mme,Cadres d'entreprise,La République en Marche
131010,PA721776,62.12,37.88,734.85,83.62282878411911,Ile-de-France,50,M.,Cadres d'entreprise,La République en Marche
131274,PA721784,64.73,35.27,741.82,82.94044665012407,Provence-Alpes-Côte d'Azur,51,Mme,"Cadres de la fonction publique, professions intellectuelles et artistiques",La République en Marche
131549,PA721792,67.01,32.99,751.7,81.76178660049628,Provence-Alpes-Côte d'Azur,37,Mme,"Cadres de la fonction publique, professions intellectuelles et artistiques",La République en Marche
131843,PA721800,47.27,52.73,690.91,93.17617866004963,Provence-Alpes-Côte d'Azur,36,M.,"Professions intermÃ©diaires de l'enseignement, de la santÃ©, de la fonction publique et assimilÃ©s",La République en Marche
131953,PA721808,69.8,30.2,757.83,78.2258064516129,Bourgogne-Franche-Comté,53,Mme,Cadres d'entreprise,Mouvement Démocrate (MoDem) et Démocrates apparentés
132304,PA721816,39.71,60.29,430.62,87.0347394540943,Bourgogne-Franche-Comté,32,M.,"Cadres de la fonction publique, professions intellectuelles et artistiques",Les Républicains
132513,PA721824,23.29,20.0,313.92,75.49627791563276,Ile-de-France,42,M.,"Cadres de la fonction publique, professions intellectuelles et artistiques",La République en Marche
132908,PA721832,45.0,55.0,525.0,97.51861042183623,Ile-de-France,59,Mme,Inactifs divers (autres que retraitÃ©s),Les Républicains
132948,PA721836,61.83,38.17,729.01,83.74689826302729,Ile-de-France,37,M.,"Cadres de la fonction publique, professions intellectuelles et artistiques",Mouvement Démocrate (MoDem) et Démocrates apparentés
133210,PA721844,67.27,32.73,767.68,69.29280397022333,Ile-de-France,55,Mme,Chefs d'entreprise de 10 salariÃ©s ou plus,La République en Marche
133705,PA721852,71.31,28.69,771.31,70.16129032258065,Ile-de-France,30,Mme,Cadres d'entreprise,La République en Marche
134186,PA721864,48.15,51.85,481.48,98.32506203473945,Provence-Alpes-Côte d'Azur,46,Mme,Professions libÃ©rales et assimilÃ©s,La République en Marche
134213,PA721872,81.82,13.64,727.27,98.63523573200993,Provence-Alpes-Côte d'Azur,38,Mme,Professions libÃ©rales et assimilÃ©s,La République en Marche
134235,PA721880,71.63,28.37,774.1,77.48138957816377,Ile-de-France,44,Mme,Professions libÃ©rales et assimilÃ©s,La République en Marche
134598,PA721888,64.75,35.25,762.3,77.2952853598015,Ile-de-France,37,M.,Chefs d'entreprise de 10 salariÃ©s ou plus,La République en Marche
134964,PA721896,36.18,63.82,256.58,81.14143920595534,Ile-de-France,39,Mme,EmployÃ©s administratifs d'entreprise,Gauche démocrate et républicaine
135268,PA721908,69.44,30.56,772.22,77.66749379652606,Ile-de-France,50,Mme,Professions libÃ©rales et assimilÃ©s,La République en Marche
135628,PA721916,70.69,29.31,765.1,72.27047146401986,Ile-de-France,59,Mme,"Cadres de la fonction publique, professions intellectuelles et artistiques",La République en Marche
136075,PA721924,61.55,38.45,681.82,67.24565756823822,Ile-de-France,56,Mme,Cadres d'entreprise,Mouvement Démocrate (MoDem) et Démocrates apparentés
136603,PA721932,39.49,60.51,350.32,90.2605459057072,Provence-Alpes-Côte d'Azur,56,Mme,Professions intermÃ©diaires administratives et commerciales des entreprises,Non inscrit
136760,PA721946,68.48,31.52,730.66,78.3498759305211,Ile-de-France,62,M.,Cadres d'entreprise,La République en Marche
137109,PA721960,31.91,68.09,289.88,68.11414392059554,Ile-de-France,40,Mme,"Cadres de la fonction publique, professions intellectuelles et artistiques",La France insoumise
137623,PA721968,35.96,64.04,324.56,92.92803970223325,Ile-de-France,61,M.,Cadres d'entreprise,Les Républicains
137737,PA721976,63.24,36.76,700.21,69.78908188585609,Ile-de-France,61,M.,Cadres d'entreprise,Mouvement Démocrate (MoDem) et Démocrates apparentés
138224,PA721984,53.4,46.6,684.47,87.22084367245657,Pays de la Loire,45,M.,Cadres d'entreprise,Mouvement Démocrate (MoDem) et Démocrates apparentés
138430,PA721996,68.35,31.65,645.57,95.09925558312655,Pays de la Loire,,M.,"Cadres de la fonction publique, professions intellectuelles et artistiques",Mouvement Démocrate (MoDem) et Démocrates apparentés
138509,PA722000,65.96,34.04,774.47,70.84367245657567,Pays de la Loire,46,M.,Cadres d'entreprise,La République en Marche
138979,PA722008,65.74,34.26,747.4,82.07196029776675,Pays de la Loire,63,Mme,Professions libÃ©rales et assimilÃ©s,La République en Marche
139268,PA722022,60.37,39.63,701.22,79.65260545905707,Ile-de-France,40,Mme,Cadres d'entreprise,La République en Marche
139596,PA722030,29.63,70.37,458.33,86.60049627791564,Ile-de-France,43,M.,CommerÃ§ants et assimilÃ©s,Agir ensemble
139812,PA722038,66.31,33.69,716.85,82.6923076923077,Normandie,31,M.,Cadres d'entreprise,La République en Marche
140091,PA722046,63.76,36.24,711.64,76.55086848635236,Ile-de-France,34,Mme,Cadres d'entreprise,La République en Marche
140469,PA722062,65.47,34.53,714.71,79.3424317617866,Ile-de-France,58,Mme,"Cadres de la fonction publique, professions intellectuelles et artistiques",La République en Marche
140802,PA722070,64.24,35.76,753.16,80.39702233250621,Pays de la Loire,29,M.,"Professions intermÃ©diaires de l'enseignement, de la santÃ©, de la fonction publique et assimilÃ©s",La République en Marche
141118,PA722082,85.0,15.0,750.0,98.75930521091811,Nouvelle-Aquitaine,,Mme,Artisans,La République en Marche
141138,PA722090,59.52,40.48,547.62,92.18362282878412,Ile-de-France,49,Mme,"Professions intermÃ©diaires de l'enseignement, de la santÃ©, de la fonction publique et assimilÃ©s",La République en Marche
141264,PA722094,70.73,29.27,729.49,72.02233250620347,Ile-de-France,65,Mme,Cadres d'entreprise,La République en Marche
141715,PA722102,65.1,34.9,759.53,78.84615384615384,Normandie,64,Mme,"Cadres de la fonction publique, professions intellectuelles et artistiques",La République en Marche
142056,PA722110,30.66,69.34,261.32,82.19602977667493,Normandie,64,M.,"Cadres de la fonction publique, professions intellectuelles et artistiques",Gauche démocrate et républicaine
142343,PA722118,55.28,44.72,670.81,90.01240694789082,Normandie,40,Mme,Professions libÃ©rales et assimilÃ©s,La République en Marche
142504,PA722126,58.33,41.67,680.56,86.60049627791564,Nouvelle-Aquitaine,34,M.,Cadres d'entreprise,Non inscrit
142720,PA722134,65.37,34.63,734.33,79.21836228287842,Nouvelle-Aquitaine,56,M.,"Professions intermÃ©diaires de l'enseignement, de la santÃ©, de la fonction publique et assimilÃ©s",La République en Marche
143055,PA722142,33.87,66.13,294.35,84.61538461538461,Hauts-de-France,45,M.,"Cadres de la fonction publique, professions intellectuelles et artistiques",La France insoumise
143303,PA722150,60.19,29.62,684.83,73.8213399503722,Nouvelle-Aquitaine,32,M.,Professions libÃ©rales et assimilÃ©s,La République en Marche
143725,PA722162,66.24,33.76,710.19,80.5210918114144,Nouvelle-Aquitaine,48,M.,Agriculteurs exploitants,Mouvement Démocrate (MoDem) et Démocrates apparentés
144039,PA722170,74.72,25.28,756.55,66.87344913151365,Nouvelle-Aquitaine,48,Mme,Inactifs divers (autres que retraitÃ©s),La République en Marche
144573,PA722178,59.66,40.34,676.14,89.0818858560794,Ile-de-France,58,M.,"Cadres de la fonction publique, professions intellectuelles et artistiques",La République en Marche
144749,PA722194,56.21,43.79,562.09,90.50868486352357,Ile-de-France,55,Mme,Cadres d'entreprise,La République en Marche
144902,PA722202,23.79,76.21,240.41,75.74441687344913,Normandie,49,M.,"Cadres de la fonction publique, professions intellectuelles et artistiques",Gauche démocrate et républicaine
145293,PA722218,65.62,34.38,593.75,98.01488833746899,Hauts-de-France,56,Mme,Cadres d'entreprise,La République en Marche
145325,PA722228,68.11,31.89,751.03,69.85111662531017,Hauts-de-France,66,M.,Anciens agriculteurs exploitants,La République en Marche
145811,PA722240,71.01,28.99,579.71,95.71960297766749,Nouvelle-Aquitaine,46,M.,Cadres d'entreprise,La République en Marche
145880,PA722244,64.1,35.9,747.86,85.48387096774194,Nouvelle-Aquitaine,33,Mme,"Cadres de la fonction publique, professions intellectuelles et artistiques",La République en Marche
146114,PA722252,66.4,33.6,735.18,84.30521091811414,Ile-de-France,44,Mme,Professions libÃ©rales et assimilÃ©s,La République en Marche
146367,PA722260,58.96,41.04,726.42,86.848635235732,Ile-de-France,47,M.,"Cadres de la fonction publique, professions intellectuelles et artistiques",Non inscrit
146579,PA722268,66.74,33.26,753.78,71.27791563275434,Grand Est,56,Mme,Cadres d'entreprise,Libertés et Territoires
147042,PA722280,25.0,75.0,250.0,99.50372208436724,Grand Est,51,M.,"Professions intermÃ©diaires de l'enseignement, de la santÃ©, de la fonction publique et assimilÃ©s",Les Républicains
147050,PA722284,53.42,46.58,630.14,81.88585607940446,Grand Est,61,M.,Chefs d'entreprise de 10 salariÃ©s ou plus,Mouvement Démocrate (MoDem) et Démocrates apparentés
147342,PA722292,67.06,32.94,787.17,78.72208436724566,Auvergne-Rhône-Alpes,50,M.,Sans profession dÃ©clarÃ©e,La République en Marche
147685,PA722300,57.49,42.51,758.45,87.15880893300249,Auvergne-Rhône-Alpes,40,Mme,"Cadres de la fonction publique, professions intellectuelles et artistiques",La République en Marche
147892,PA722308,34.48,65.52,448.28,98.20099255583126,Auvergne-Rhône-Alpes,52,Mme,Sans profession dÃ©clarÃ©e,Les Républicains
147921,PA722312,62.24,37.76,698.98,87.84119106699751,Bourgogne-Franche-Comté,48,Mme,Cadres d'entreprise,La République en Marche
148117,PA722320,57.92,42.08,748.63,88.64764267990074,Bourgogne-Franche-Comté,51,M.,Professions libÃ©rales et assimilÃ©s,La République en Marche
148300,PA722336,74.01,25.99,765.23,65.38461538461539,Grand Est,48,M.,Cadres d'entreprise,La République en Marche
148858,PA722344,59.05,40.95,709.52,86.9727047146402,Auvergne-Rhône-Alpes,54,M.,"Cadres de la fonction publique, professions intellectuelles et artistiques",Non inscrit
149068,PA722358,57.55,42.45,762.59,91.37717121588089,Auvergne-Rhône-Alpes,39,M.,Chefs d'entreprise de 10 salariÃ©s ou plus,Agir ensemble
149207,PA722366,69.61,30.39,770.59,68.3622828784119,Auvergne-Rhône-Alpes,51,M.,"Cadres de la fonction publique, professions intellectuelles et artistiques",La République en Marche
149717,PA722374,57.87,42.13,726.85,86.60049627791564,Auvergne-Rhône-Alpes,62,M.,Professions libÃ©rales et assimilÃ©s,Mouvement Démocrate (MoDem) et Démocrates apparentés
149933,PA722382,69.44,30.56,796.3,79.90074441687345,Bourgogne-Franche-Comté,42,M.,CommerÃ§ants et assimilÃ©s,La République en Marche
150257,PA722390,39.9,60.1,398.96,88.0272952853598,Bourgogne-Franche-Comté,61,Mme,Professions libÃ©rales et assimilÃ©s,Les Républicains
150450,PA722398,70.83,29.17,776.04,64.26799007444168,Bourgogne-Franche-Comté,54,M.,"Cadres de la fonction publique, professions intellectuelles et artistiques",La République en Marche
151026,PA724827,64.02,35.98,719.67,85.17369727047146,Mayotte,59,Mme,"Cadres de la fonction publique, professions intellectuelles et artistiques",La République en Marche
151265,PA746,45.54,54.46,425.74,93.73449131513648,Ile-de-France,72,M.,"Cadres de la fonction publique, professions intellectuelles et artistiques",Les Républicains
151366,PA748954,45.18,54.82,395.94,87.77915632754343,Ile-de-France,45,M.,Professions libÃ©rales et assimilÃ©s,Les Républicains
151563,PA755549,52.08,47.92,625.0,97.02233250620348,Wallis-et-Futuna,56,M.,Chefs d'entreprise de 10 salariÃ©s ou plus,Libertés et Territoires
151611,PA759192,53.19,46.81,404.26,97.08436724565756,Réunion,70,M.,Anciens cadres et professions intermÃ©diaires,Les Républicains
151658,PA760658,53.54,46.46,595.96,93.85856079404466,Ile-de-France,72,M.,Anciens cadres et professions intermÃ©diaires,La République en Marche
151757,PA767,38.74,61.26,387.39,93.11414392059554,Grand Est,62,M.,Agriculteurs exploitants,Les Républicains
151868,PA774952,42.86,57.14,428.57,99.56575682382135,Ile-de-France,56,M.,Artisans,Les Républicains
151875,PA774954,55.56,44.44,611.11,98.8833746898263,Pays de la Loire,37,Mme,Sans profession dÃ©clarÃ©e,Les Républicains
151893,PA774956,0.0,100.0,0.0,99.68982630272953,Grand Est,55,M.,Cadres d'entreprise,Les Républicains
151898,PA774958,5.56,94.44,166.67,98.8833746898263,Normandie,60,M.,Cadres d'entreprise,Socialistes et apparentés
151916,PA774960,50.0,50.0,500.0,99.50372208436724,Ile-de-France,55,Mme,"Cadres de la fonction publique, professions intellectuelles et artistiques",Socialistes et apparentés
151924,PA774962,100.0,0.0,1000.0,99.93796526054591,Réunion,35,Mme,"Professions intermÃ©diaires de l'enseignement, de la santÃ©, de la fonction publique et assimilÃ©s",Gauche démocrate et républicaine
151925,PA856,48.68,51.32,417.99,88.27543424317618,Grand Est,72,M.,Professions libÃ©rales et assimilÃ©s,Les Républicains
152114,PA923,44.27,55.73,435.11,91.87344913151365,Grand Est,62,M.,Cadres d'entreprise,Les Républicains
152245,PA942,50.6,49.4,518.07,84.55334987593052,Grand Est,68,M.,"Cadres de la fonction publique, professions intellectuelles et artistiques",Libertés et Territoires
152494,PA998,58.14,41.86,511.63,97.33250620347394,Hauts-de-France,69,M.,Chefs d'entreprise de 10 salariÃ©s ou plus,Les Républicains
